?subject	?predicate	?object
"4ab60d22-67d1-4683-8648-f1f2601d2ce0"	has_topic	TOPIC_13
"4ab60d22-67d1-4683-8648-f1f2601d2ce0"	has_topic	TOPIC_4
"4ab60d22-67d1-4683-8648-f1f2601d2ce0"	has_topic	TOPIC_5
"4ab60d22-67d1-4683-8648-f1f2601d2ce0"	has_topic	TOPIC_6
"4ab4c17b-a9ac-4f37-8e71-5977d5db5a07"	has_topic	TOPIC_5
"4ab4c17b-a9ac-4f37-8e71-5977d5db5a07"	has_topic	TOPIC_1
"4ab4c17b-a9ac-4f37-8e71-5977d5db5a07"	has_topic	TOPIC_18
"4ab4c17b-a9ac-4f37-8e71-5977d5db5a07"	has_topic	TOPIC_3
"4ab4c17b-a9ac-4f37-8e71-5977d5db5a07"	has_topic	TOPIC_24
"4ab503e2-d7b4-441e-8e0e-edf1b9bfb602"	has_topic	TOPIC_13
"4ab503e2-d7b4-441e-8e0e-edf1b9bfb602"	has_topic	TOPIC_1
"4ab503e2-d7b4-441e-8e0e-edf1b9bfb602"	has_topic	TOPIC_2
"4ab503e2-d7b4-441e-8e0e-edf1b9bfb602"	has_topic	TOPIC_24
"4ab503e2-d7b4-441e-8e0e-edf1b9bfb602"	has_topic	TOPIC_0
"4ab50bd7-8e59-4974-a6d0-59a577dcc10d"	has_topic	TOPIC_1
"4ab50bd7-8e59-4974-a6d0-59a577dcc10d"	has_topic	TOPIC_12
"4ab50bd7-8e59-4974-a6d0-59a577dcc10d"	has_topic	TOPIC_18
"4ab50bd7-8e59-4974-a6d0-59a577dcc10d"	has_topic	TOPIC_2
"4ab50bd7-8e59-4974-a6d0-59a577dcc10d"	has_topic	TOPIC_9
"4ab5e4bd-08e2-4007-825c-d34ce7cb231f"	has_topic	TOPIC_4
"4ab5e4bd-08e2-4007-825c-d34ce7cb231f"	has_topic	TOPIC_25
"4ab5e4bd-08e2-4007-825c-d34ce7cb231f"	has_topic	TOPIC_12
"4ab5e4bd-08e2-4007-825c-d34ce7cb231f"	has_topic	TOPIC_19
"4ab6458f-9780-49ec-a42e-a535d4efd292"	has_topic	TOPIC_6
"4ab6458f-9780-49ec-a42e-a535d4efd292"	has_topic	TOPIC_10
"4ab6458f-9780-49ec-a42e-a535d4efd292"	has_topic	TOPIC_11
"4ab6458f-9780-49ec-a42e-a535d4efd292"	has_topic	TOPIC_19
"4ab6458f-9780-49ec-a42e-a535d4efd292"	has_topic	TOPIC_7
"4ab697d8-5404-412a-85da-e6367b7d82bf"	has_topic	TOPIC_22
"4ab697d8-5404-412a-85da-e6367b7d82bf"	has_topic	TOPIC_20
"4ab697d8-5404-412a-85da-e6367b7d82bf"	has_topic	TOPIC_19
"4ab697d8-5404-412a-85da-e6367b7d82bf"	has_topic	TOPIC_0
"4ab697d8-5404-412a-85da-e6367b7d82bf"	has_topic	TOPIC_7
"4ab69e2a-f00d-4f2b-843b-349918b7aceb"	has_topic	TOPIC_4
"4ab69e2a-f00d-4f2b-843b-349918b7aceb"	has_topic	TOPIC_22
"4ab69e2a-f00d-4f2b-843b-349918b7aceb"	has_topic	TOPIC_15
"4ab6d8d8-86ad-44a5-86ed-5c9424ac1f68"	has_topic	TOPIC_13
"4ab6d8d8-86ad-44a5-86ed-5c9424ac1f68"	has_topic	TOPIC_14
"4ab6d8d8-86ad-44a5-86ed-5c9424ac1f68"	has_topic	TOPIC_2
"4ab6d8d8-86ad-44a5-86ed-5c9424ac1f68"	has_topic	TOPIC_9
"4ab6d8d8-86ad-44a5-86ed-5c9424ac1f68"	has_topic	TOPIC_11
"4ab7aa6a-306b-4590-9b15-c01727bd08af"	has_topic	TOPIC_4
"4ab7aa6a-306b-4590-9b15-c01727bd08af"	has_topic	TOPIC_17
"4ab7aa6a-306b-4590-9b15-c01727bd08af"	has_topic	TOPIC_23
"4ab7aa6a-306b-4590-9b15-c01727bd08af"	has_topic	TOPIC_24
"4ab7aa6a-306b-4590-9b15-c01727bd08af"	has_topic	TOPIC_7
"4ab7b6e2-1cff-472a-9637-95c7938be3e1"	has_topic	TOPIC_22
"4ab7b6e2-1cff-472a-9637-95c7938be3e1"	has_topic	TOPIC_25
"4ab7b6e2-1cff-472a-9637-95c7938be3e1"	has_topic	TOPIC_15
"4ab7b6e2-1cff-472a-9637-95c7938be3e1"	has_topic	TOPIC_0
"4ab82bb2-7785-4832-b3eb-a38471b58d07"	has_topic	TOPIC_5
"4ab82bb2-7785-4832-b3eb-a38471b58d07"	has_topic	TOPIC_17
"4ab82bb2-7785-4832-b3eb-a38471b58d07"	has_topic	TOPIC_1
"4ab82bb2-7785-4832-b3eb-a38471b58d07"	has_topic	TOPIC_15
"4ab82bb2-7785-4832-b3eb-a38471b58d07"	has_topic	TOPIC_8
"4ab8514e-08e7-4f71-bd0f-1060a98d9cd5"	has_topic	TOPIC_13
"4ab8514e-08e7-4f71-bd0f-1060a98d9cd5"	has_topic	TOPIC_5
"4ab8514e-08e7-4f71-bd0f-1060a98d9cd5"	has_topic	TOPIC_12
"4ab8514e-08e7-4f71-bd0f-1060a98d9cd5"	has_topic	TOPIC_18
"4ab8514e-08e7-4f71-bd0f-1060a98d9cd5"	has_topic	TOPIC_24
"4ab87086-d477-43da-94d8-d6728e2946c4"	has_topic	TOPIC_4
"4ab87086-d477-43da-94d8-d6728e2946c4"	has_topic	TOPIC_16
"4ab87086-d477-43da-94d8-d6728e2946c4"	has_topic	TOPIC_25
"4ab87086-d477-43da-94d8-d6728e2946c4"	has_topic	TOPIC_18
"4ab87086-d477-43da-94d8-d6728e2946c4"	has_topic	TOPIC_15
"4ab87b7b-a712-4158-83ef-196d49f0e17a"	has_topic	TOPIC_5
"4ab87b7b-a712-4158-83ef-196d49f0e17a"	has_topic	TOPIC_17
"4ab87b7b-a712-4158-83ef-196d49f0e17a"	has_topic	TOPIC_14
"4ab87b7b-a712-4158-83ef-196d49f0e17a"	has_topic	TOPIC_3
"4ab87b7b-a712-4158-83ef-196d49f0e17a"	has_topic	TOPIC_7
"4ab891e5-7bd7-40ba-ac54-3dcf0642e75d"	has_topic	TOPIC_13
"4ab891e5-7bd7-40ba-ac54-3dcf0642e75d"	has_topic	TOPIC_4
"4ab891e5-7bd7-40ba-ac54-3dcf0642e75d"	has_topic	TOPIC_25
"4ab891e5-7bd7-40ba-ac54-3dcf0642e75d"	has_topic	TOPIC_9
"4ab891e5-7bd7-40ba-ac54-3dcf0642e75d"	has_topic	TOPIC_21
"4ab8bbbc-5531-4f0c-b695-d2ce07699de0"	has_topic	TOPIC_5
"4ab8bbbc-5531-4f0c-b695-d2ce07699de0"	has_topic	TOPIC_25
"4ab8bbbc-5531-4f0c-b695-d2ce07699de0"	has_topic	TOPIC_1
"4ab8bbbc-5531-4f0c-b695-d2ce07699de0"	has_topic	TOPIC_3
"4ab8bbbc-5531-4f0c-b695-d2ce07699de0"	has_topic	TOPIC_21
"4ab91a94-3bc6-4604-ae86-a69926e8b43f"	has_topic	TOPIC_5
"4ab91a94-3bc6-4604-ae86-a69926e8b43f"	has_topic	TOPIC_6
"4ab91a94-3bc6-4604-ae86-a69926e8b43f"	has_topic	TOPIC_14
"4ab91a94-3bc6-4604-ae86-a69926e8b43f"	has_topic	TOPIC_23
"4ab91a94-3bc6-4604-ae86-a69926e8b43f"	has_topic	TOPIC_3
"4ab93ae9-278c-468d-8077-371bfedb576a"	has_topic	TOPIC_4
"4ab93ae9-278c-468d-8077-371bfedb576a"	has_topic	TOPIC_5
"4ab93ae9-278c-468d-8077-371bfedb576a"	has_topic	TOPIC_16
"4ab93ae9-278c-468d-8077-371bfedb576a"	has_topic	TOPIC_24
"4ab93ae9-278c-468d-8077-371bfedb576a"	has_topic	TOPIC_19
"4ab959b8-6518-472b-9f57-62ce659147eb"	has_topic	TOPIC_17
"4ab959b8-6518-472b-9f57-62ce659147eb"	has_topic	TOPIC_14
"4ab959b8-6518-472b-9f57-62ce659147eb"	has_topic	TOPIC_18
"4ab959b8-6518-472b-9f57-62ce659147eb"	has_topic	TOPIC_24
"4ab959b8-6518-472b-9f57-62ce659147eb"	has_topic	TOPIC_11
"4ab9889c-753e-4de9-9fbf-865ed786c1f4"	has_topic	TOPIC_5
"4ab9889c-753e-4de9-9fbf-865ed786c1f4"	has_topic	TOPIC_22
"4ab9889c-753e-4de9-9fbf-865ed786c1f4"	has_topic	TOPIC_24
"4ab9889c-753e-4de9-9fbf-865ed786c1f4"	has_topic	TOPIC_19
"4ab9889c-753e-4de9-9fbf-865ed786c1f4"	has_topic	TOPIC_0
"4ab99f3e-28a9-43ec-adff-ca2427011cb9"	has_topic	TOPIC_25
"4ab99f3e-28a9-43ec-adff-ca2427011cb9"	has_topic	TOPIC_18
"4ab99f3e-28a9-43ec-adff-ca2427011cb9"	has_topic	TOPIC_9
"4ab99f3e-28a9-43ec-adff-ca2427011cb9"	has_topic	TOPIC_21
"4ab9c94a-878b-4e57-b269-c86780f08766"	has_topic	TOPIC_13
"4ab9c94a-878b-4e57-b269-c86780f08766"	has_topic	TOPIC_22
"4ab9c94a-878b-4e57-b269-c86780f08766"	has_topic	TOPIC_21
"4ab9c94a-878b-4e57-b269-c86780f08766"	has_topic	TOPIC_0
"4ab9ed42-31bf-4258-8b23-3ac74ca976c9"	has_topic	TOPIC_6
"4ab9ed42-31bf-4258-8b23-3ac74ca976c9"	has_topic	TOPIC_1
"4ab9ed42-31bf-4258-8b23-3ac74ca976c9"	has_topic	TOPIC_9
"4ab9ed42-31bf-4258-8b23-3ac74ca976c9"	has_topic	TOPIC_8
"4ab9ed42-31bf-4258-8b23-3ac74ca976c9"	has_topic	TOPIC_7
"4aba14e1-ed8b-4c0d-a1f5-2d29a9ca2670"	has_topic	TOPIC_14
"4aba14e1-ed8b-4c0d-a1f5-2d29a9ca2670"	has_topic	TOPIC_2
"4aba14e1-ed8b-4c0d-a1f5-2d29a9ca2670"	has_topic	TOPIC_3
"4aba14e1-ed8b-4c0d-a1f5-2d29a9ca2670"	has_topic	TOPIC_21
"4abad3f6-6dfa-4ea9-a08f-04bcced86c99"	has_topic	TOPIC_13
"4abad3f6-6dfa-4ea9-a08f-04bcced86c99"	has_topic	TOPIC_5
"4abad3f6-6dfa-4ea9-a08f-04bcced86c99"	has_topic	TOPIC_6
"4abad3f6-6dfa-4ea9-a08f-04bcced86c99"	has_topic	TOPIC_9
"4abad3f6-6dfa-4ea9-a08f-04bcced86c99"	has_topic	TOPIC_19
"4abaeac7-3f23-4982-bab3-e1fdebfe46e9"	has_topic	TOPIC_6
"4abaeac7-3f23-4982-bab3-e1fdebfe46e9"	has_topic	TOPIC_22
"4abaeac7-3f23-4982-bab3-e1fdebfe46e9"	has_topic	TOPIC_18
"4abaeac7-3f23-4982-bab3-e1fdebfe46e9"	has_topic	TOPIC_3
"4abaeac7-3f23-4982-bab3-e1fdebfe46e9"	has_topic	TOPIC_11
"4abddb85-1a82-42ac-9458-b5ba17538514"	has_topic	TOPIC_10
"4abddb85-1a82-42ac-9458-b5ba17538514"	has_topic	TOPIC_16
"4abddb85-1a82-42ac-9458-b5ba17538514"	has_topic	TOPIC_22
"4abddb85-1a82-42ac-9458-b5ba17538514"	has_topic	TOPIC_2
"4abddb85-1a82-42ac-9458-b5ba17538514"	has_topic	TOPIC_7
"4abe3d2b-433d-4f49-8c6d-87755a437154"	has_topic	TOPIC_6
"4abe3d2b-433d-4f49-8c6d-87755a437154"	has_topic	TOPIC_12
"4abe3d2b-433d-4f49-8c6d-87755a437154"	has_topic	TOPIC_8
"4abe3d2b-433d-4f49-8c6d-87755a437154"	has_topic	TOPIC_0
"4abed9e8-d091-4dd6-8cf8-6bd9ed70d65a"	has_topic	TOPIC_5
"4abed9e8-d091-4dd6-8cf8-6bd9ed70d65a"	has_topic	TOPIC_6
"4abed9e8-d091-4dd6-8cf8-6bd9ed70d65a"	has_topic	TOPIC_16
"4abed9e8-d091-4dd6-8cf8-6bd9ed70d65a"	has_topic	TOPIC_20
"4abed9e8-d091-4dd6-8cf8-6bd9ed70d65a"	has_topic	TOPIC_1
"4abee70e-c1b2-4bf6-802b-d0d36d45f9c5"	has_topic	TOPIC_4
"4abee70e-c1b2-4bf6-802b-d0d36d45f9c5"	has_topic	TOPIC_18
"4abee70e-c1b2-4bf6-802b-d0d36d45f9c5"	has_topic	TOPIC_23
"4abee70e-c1b2-4bf6-802b-d0d36d45f9c5"	has_topic	TOPIC_3
"4abee70e-c1b2-4bf6-802b-d0d36d45f9c5"	has_topic	TOPIC_11
"4abf96cd-1444-4c76-a963-5b9333bdc4a3"	has_topic	TOPIC_5
"4abf96cd-1444-4c76-a963-5b9333bdc4a3"	has_topic	TOPIC_6
"4abf96cd-1444-4c76-a963-5b9333bdc4a3"	has_topic	TOPIC_16
"4abf96cd-1444-4c76-a963-5b9333bdc4a3"	has_topic	TOPIC_8
"4abf96cd-1444-4c76-a963-5b9333bdc4a3"	has_topic	TOPIC_19
"4ac085c8-8441-4f86-a027-0bfdf0a9ad08"	has_topic	TOPIC_12
"4ac085c8-8441-4f86-a027-0bfdf0a9ad08"	has_topic	TOPIC_21
"4ac085c8-8441-4f86-a027-0bfdf0a9ad08"	has_topic	TOPIC_8
"4ac085c8-8441-4f86-a027-0bfdf0a9ad08"	has_topic	TOPIC_7
"4ac09fb4-c464-4a26-99d8-4b39ba3fe159"	has_topic	TOPIC_12
"4ac09fb4-c464-4a26-99d8-4b39ba3fe159"	has_topic	TOPIC_21
"4ac09fb4-c464-4a26-99d8-4b39ba3fe159"	has_topic	TOPIC_24
"4ac09fb4-c464-4a26-99d8-4b39ba3fe159"	has_topic	TOPIC_11
"4ac0de14-9694-4a0a-a0fd-1dcabf154bc3"	has_topic	TOPIC_14
"4ac0de14-9694-4a0a-a0fd-1dcabf154bc3"	has_topic	TOPIC_2
"4ac0de14-9694-4a0a-a0fd-1dcabf154bc3"	has_topic	TOPIC_15
"4ac0de14-9694-4a0a-a0fd-1dcabf154bc3"	has_topic	TOPIC_3
"4ac215da-bb39-445c-9759-ebdb3faf472e"	has_topic	TOPIC_10
"4ac215da-bb39-445c-9759-ebdb3faf472e"	has_topic	TOPIC_18
"4ac215da-bb39-445c-9759-ebdb3faf472e"	has_topic	TOPIC_23
"4ac215da-bb39-445c-9759-ebdb3faf472e"	has_topic	TOPIC_3
"4ac215da-bb39-445c-9759-ebdb3faf472e"	has_topic	TOPIC_0
"4ac2efff-584b-49cb-8a63-55778372fcaf"	has_topic	TOPIC_13
"4ac2efff-584b-49cb-8a63-55778372fcaf"	has_topic	TOPIC_22
"4ac2efff-584b-49cb-8a63-55778372fcaf"	has_topic	TOPIC_3
"4ac2efff-584b-49cb-8a63-55778372fcaf"	has_topic	TOPIC_7
"4ac372d6-a726-4d9c-9b56-92f9082add3a"	has_topic	TOPIC_10
"4ac372d6-a726-4d9c-9b56-92f9082add3a"	has_topic	TOPIC_1
"4ac372d6-a726-4d9c-9b56-92f9082add3a"	has_topic	TOPIC_23
"4ac372d6-a726-4d9c-9b56-92f9082add3a"	has_topic	TOPIC_24
"4ac372d6-a726-4d9c-9b56-92f9082add3a"	has_topic	TOPIC_11
"4ac3763b-5f2c-47db-a580-4364d9639bc4"	has_topic	TOPIC_13
"4ac3763b-5f2c-47db-a580-4364d9639bc4"	has_topic	TOPIC_17
"4ac3763b-5f2c-47db-a580-4364d9639bc4"	has_topic	TOPIC_12
"4ac3763b-5f2c-47db-a580-4364d9639bc4"	has_topic	TOPIC_11
"4ac47834-0571-4e9d-b87c-26d4af7cff87"	has_topic	TOPIC_20
"4ac47834-0571-4e9d-b87c-26d4af7cff87"	has_topic	TOPIC_14
"4ac47834-0571-4e9d-b87c-26d4af7cff87"	has_topic	TOPIC_23
"4ac47834-0571-4e9d-b87c-26d4af7cff87"	has_topic	TOPIC_19
"4ac4a399-bdf2-491e-ae2d-b5b205bb62cc"	has_topic	TOPIC_6
"4ac4a399-bdf2-491e-ae2d-b5b205bb62cc"	has_topic	TOPIC_10
"4ac4a399-bdf2-491e-ae2d-b5b205bb62cc"	has_topic	TOPIC_9
"4ac4a399-bdf2-491e-ae2d-b5b205bb62cc"	has_topic	TOPIC_8
"4ac4a399-bdf2-491e-ae2d-b5b205bb62cc"	has_topic	TOPIC_0
"4ac4dd52-6162-40a5-9efc-238ca928fe93"	has_topic	TOPIC_4
"4ac4dd52-6162-40a5-9efc-238ca928fe93"	has_topic	TOPIC_5
"4ac4dd52-6162-40a5-9efc-238ca928fe93"	has_topic	TOPIC_10
"4ac4dd52-6162-40a5-9efc-238ca928fe93"	has_topic	TOPIC_20
"4ac4dd52-6162-40a5-9efc-238ca928fe93"	has_topic	TOPIC_1
"4ac4e8ae-f2ed-407b-84ae-a21821911f19"	has_topic	TOPIC_6
"4ac4e8ae-f2ed-407b-84ae-a21821911f19"	has_topic	TOPIC_14
"4ac4e8ae-f2ed-407b-84ae-a21821911f19"	has_topic	TOPIC_2
"4ac4e8ae-f2ed-407b-84ae-a21821911f19"	has_topic	TOPIC_24
"4ac4e8ae-f2ed-407b-84ae-a21821911f19"	has_topic	TOPIC_8
"4ac544ae-6e06-4f9f-a513-d2bb82255b78"	has_topic	TOPIC_6
"4ac544ae-6e06-4f9f-a513-d2bb82255b78"	has_topic	TOPIC_16
"4ac544ae-6e06-4f9f-a513-d2bb82255b78"	has_topic	TOPIC_18
"4ac544ae-6e06-4f9f-a513-d2bb82255b78"	has_topic	TOPIC_9
"4ac544ae-6e06-4f9f-a513-d2bb82255b78"	has_topic	TOPIC_24
"4ac57057-d43a-4e80-b810-e5255af50ad3"	has_topic	TOPIC_20
"4ac57057-d43a-4e80-b810-e5255af50ad3"	has_topic	TOPIC_14
"4ac57057-d43a-4e80-b810-e5255af50ad3"	has_topic	TOPIC_12
"4ac57057-d43a-4e80-b810-e5255af50ad3"	has_topic	TOPIC_9
"4ac57057-d43a-4e80-b810-e5255af50ad3"	has_topic	TOPIC_23
"4ac5eee4-f4a0-4c48-9aeb-28418855bad2"	has_topic	TOPIC_17
"4ac5eee4-f4a0-4c48-9aeb-28418855bad2"	has_topic	TOPIC_18
"4ac5eee4-f4a0-4c48-9aeb-28418855bad2"	has_topic	TOPIC_21
"4ac5eee4-f4a0-4c48-9aeb-28418855bad2"	has_topic	TOPIC_8
"4ac5eee4-f4a0-4c48-9aeb-28418855bad2"	has_topic	TOPIC_7
"4ac65f8f-5fdb-4d84-9101-546e0aa0f974"	has_topic	TOPIC_4
"4ac65f8f-5fdb-4d84-9101-546e0aa0f974"	has_topic	TOPIC_6
"4ac65f8f-5fdb-4d84-9101-546e0aa0f974"	has_topic	TOPIC_22
"4ac65f8f-5fdb-4d84-9101-546e0aa0f974"	has_topic	TOPIC_1
"4ac65f8f-5fdb-4d84-9101-546e0aa0f974"	has_topic	TOPIC_8
"4ac68e17-77c7-4ebf-a422-7f76744ebee1"	has_topic	TOPIC_13
"4ac68e17-77c7-4ebf-a422-7f76744ebee1"	has_topic	TOPIC_4
"4ac68e17-77c7-4ebf-a422-7f76744ebee1"	has_topic	TOPIC_1
"4ac68e17-77c7-4ebf-a422-7f76744ebee1"	has_topic	TOPIC_12
"4ac68e17-77c7-4ebf-a422-7f76744ebee1"	has_topic	TOPIC_19
"4ab54610-4947-46c7-bd56-fc672dfba5cc"	has_topic	TOPIC_10
"4ab54610-4947-46c7-bd56-fc672dfba5cc"	has_topic	TOPIC_16
"4ab54610-4947-46c7-bd56-fc672dfba5cc"	has_topic	TOPIC_17
"4ab54610-4947-46c7-bd56-fc672dfba5cc"	has_topic	TOPIC_22
"4ab54610-4947-46c7-bd56-fc672dfba5cc"	has_topic	TOPIC_25
"4ab3e768-78c9-4497-8b8e-9e934cb5f2e4"	has_topic	TOPIC_13
"4ab3e768-78c9-4497-8b8e-9e934cb5f2e4"	has_topic	TOPIC_4
"4ab3e768-78c9-4497-8b8e-9e934cb5f2e4"	has_topic	TOPIC_16
"4ab3e768-78c9-4497-8b8e-9e934cb5f2e4"	has_topic	TOPIC_9
"4ab3e768-78c9-4497-8b8e-9e934cb5f2e4"	has_topic	TOPIC_0
"4ab459ce-5f18-4cc0-9627-1dc557eb8b68"	has_topic	TOPIC_22
"4ab459ce-5f18-4cc0-9627-1dc557eb8b68"	has_topic	TOPIC_1
"4ab459ce-5f18-4cc0-9627-1dc557eb8b68"	has_topic	TOPIC_18
"4ab459ce-5f18-4cc0-9627-1dc557eb8b68"	has_topic	TOPIC_24
"4ab459ce-5f18-4cc0-9627-1dc557eb8b68"	has_topic	TOPIC_0
"4ab4e2a8-18c5-47a0-a295-a63dc68a49ab"	has_topic	TOPIC_13
"4ab4e2a8-18c5-47a0-a295-a63dc68a49ab"	has_topic	TOPIC_17
"4ab4e2a8-18c5-47a0-a295-a63dc68a49ab"	has_topic	TOPIC_1
"4ab4e2a8-18c5-47a0-a295-a63dc68a49ab"	has_topic	TOPIC_12
"4ab4e2a8-18c5-47a0-a295-a63dc68a49ab"	has_topic	TOPIC_8
"4ab62e1f-0ed3-42fc-bfd4-64d255150506"	has_topic	TOPIC_18
"4ab62e1f-0ed3-42fc-bfd4-64d255150506"	has_topic	TOPIC_23
"4ab62e1f-0ed3-42fc-bfd4-64d255150506"	has_topic	TOPIC_19
"4ab62e1f-0ed3-42fc-bfd4-64d255150506"	has_topic	TOPIC_0
"4ab62e1f-0ed3-42fc-bfd4-64d255150506"	has_topic	TOPIC_7
"4ab6e852-0d29-4fbb-9564-070f46a3cb78"	has_topic	TOPIC_5
"4ab6e852-0d29-4fbb-9564-070f46a3cb78"	has_topic	TOPIC_6
"4ab6e852-0d29-4fbb-9564-070f46a3cb78"	has_topic	TOPIC_14
"4ab6e852-0d29-4fbb-9564-070f46a3cb78"	has_topic	TOPIC_3
"4ab944df-bc19-49e5-90e0-34bf9083a4a8"	has_topic	TOPIC_13
"4ab944df-bc19-49e5-90e0-34bf9083a4a8"	has_topic	TOPIC_5
"4ab944df-bc19-49e5-90e0-34bf9083a4a8"	has_topic	TOPIC_22
"4ab944df-bc19-49e5-90e0-34bf9083a4a8"	has_topic	TOPIC_2
"4ab944df-bc19-49e5-90e0-34bf9083a4a8"	has_topic	TOPIC_0
"4ab9726b-6ad9-4f1d-b4e9-1b759ade7754"	has_topic	TOPIC_4
"4ab9726b-6ad9-4f1d-b4e9-1b759ade7754"	has_topic	TOPIC_17
"4ab9726b-6ad9-4f1d-b4e9-1b759ade7754"	has_topic	TOPIC_23
"4ab9726b-6ad9-4f1d-b4e9-1b759ade7754"	has_topic	TOPIC_3
"4ab9726b-6ad9-4f1d-b4e9-1b759ade7754"	has_topic	TOPIC_0
"4ab99c72-fc33-48d6-bcf6-55b927987db8"	has_topic	TOPIC_4
"4ab99c72-fc33-48d6-bcf6-55b927987db8"	has_topic	TOPIC_10
"4ab99c72-fc33-48d6-bcf6-55b927987db8"	has_topic	TOPIC_17
"4ab99c72-fc33-48d6-bcf6-55b927987db8"	has_topic	TOPIC_1
"4ab99c72-fc33-48d6-bcf6-55b927987db8"	has_topic	TOPIC_15
"4abb12be-c61d-4a1e-b3ab-da6cee95b61b"	has_topic	TOPIC_6
"4abb12be-c61d-4a1e-b3ab-da6cee95b61b"	has_topic	TOPIC_25
"4abb12be-c61d-4a1e-b3ab-da6cee95b61b"	has_topic	TOPIC_18
"4abb12be-c61d-4a1e-b3ab-da6cee95b61b"	has_topic	TOPIC_9
"4abb12be-c61d-4a1e-b3ab-da6cee95b61b"	has_topic	TOPIC_15
"4abbc302-36da-4fcb-922b-eddd1b25d6db"	has_topic	TOPIC_25
"4abbc302-36da-4fcb-922b-eddd1b25d6db"	has_topic	TOPIC_14
"4abbc302-36da-4fcb-922b-eddd1b25d6db"	has_topic	TOPIC_12
"4abbc302-36da-4fcb-922b-eddd1b25d6db"	has_topic	TOPIC_19
"4abbdd58-35ad-4317-959f-fed60f3c5bfe"	has_topic	TOPIC_14
"4abbdd58-35ad-4317-959f-fed60f3c5bfe"	has_topic	TOPIC_9
"4abbdd58-35ad-4317-959f-fed60f3c5bfe"	has_topic	TOPIC_15
"4abbdd58-35ad-4317-959f-fed60f3c5bfe"	has_topic	TOPIC_3
"4abbdd58-35ad-4317-959f-fed60f3c5bfe"	has_topic	TOPIC_24
"4abc0b3b-8325-4b35-9189-f8261cc50a10"	has_topic	TOPIC_4
"4abc0b3b-8325-4b35-9189-f8261cc50a10"	has_topic	TOPIC_5
"4abc0b3b-8325-4b35-9189-f8261cc50a10"	has_topic	TOPIC_6
"4abc0b3b-8325-4b35-9189-f8261cc50a10"	has_topic	TOPIC_9
"4abc9591-ed35-4e56-a841-e020c73b78c8"	has_topic	TOPIC_16
"4abc9591-ed35-4e56-a841-e020c73b78c8"	has_topic	TOPIC_22
"4abc9591-ed35-4e56-a841-e020c73b78c8"	has_topic	TOPIC_1
"4abc9591-ed35-4e56-a841-e020c73b78c8"	has_topic	TOPIC_2
"4abd7633-e75a-43c8-b8af-5e6ba474bef6"	has_topic	TOPIC_18
"4abd7633-e75a-43c8-b8af-5e6ba474bef6"	has_topic	TOPIC_9
"4abd7633-e75a-43c8-b8af-5e6ba474bef6"	has_topic	TOPIC_15
"4abd7633-e75a-43c8-b8af-5e6ba474bef6"	has_topic	TOPIC_23
"4abd7633-e75a-43c8-b8af-5e6ba474bef6"	has_topic	TOPIC_7
"4abda434-1ffb-4551-8862-f2c9378a5d28"	has_topic	TOPIC_5
"4abda434-1ffb-4551-8862-f2c9378a5d28"	has_topic	TOPIC_6
"4abda434-1ffb-4551-8862-f2c9378a5d28"	has_topic	TOPIC_22
"4abda434-1ffb-4551-8862-f2c9378a5d28"	has_topic	TOPIC_9
"4abda434-1ffb-4551-8862-f2c9378a5d28"	has_topic	TOPIC_15
"4abe949b-1122-46ff-a7e5-9bc8cffb7971"	has_topic	TOPIC_13
"4abe949b-1122-46ff-a7e5-9bc8cffb7971"	has_topic	TOPIC_2
"4abe949b-1122-46ff-a7e5-9bc8cffb7971"	has_topic	TOPIC_9
"4abe949b-1122-46ff-a7e5-9bc8cffb7971"	has_topic	TOPIC_0
"4abe949b-1122-46ff-a7e5-9bc8cffb7971"	has_topic	TOPIC_7
"4abea27d-0ba4-41b0-9a2a-79a7a47623c3"	has_topic	TOPIC_17
"4abea27d-0ba4-41b0-9a2a-79a7a47623c3"	has_topic	TOPIC_15
"4abea27d-0ba4-41b0-9a2a-79a7a47623c3"	has_topic	TOPIC_23
"4abea27d-0ba4-41b0-9a2a-79a7a47623c3"	has_topic	TOPIC_24
"4abea27d-0ba4-41b0-9a2a-79a7a47623c3"	has_topic	TOPIC_0
"4abeb5f5-9df5-4b2b-bcbf-8a7b944e544f"	has_topic	TOPIC_4
"4abeb5f5-9df5-4b2b-bcbf-8a7b944e544f"	has_topic	TOPIC_22
"4abeb5f5-9df5-4b2b-bcbf-8a7b944e544f"	has_topic	TOPIC_14
"4abeb5f5-9df5-4b2b-bcbf-8a7b944e544f"	has_topic	TOPIC_3
"4abeb5f5-9df5-4b2b-bcbf-8a7b944e544f"	has_topic	TOPIC_8
"4abed5d1-a895-4bec-9f11-869352ef7965"	has_topic	TOPIC_13
"4abed5d1-a895-4bec-9f11-869352ef7965"	has_topic	TOPIC_10
"4abed5d1-a895-4bec-9f11-869352ef7965"	has_topic	TOPIC_16
"4abed5d1-a895-4bec-9f11-869352ef7965"	has_topic	TOPIC_25
"4abed5d1-a895-4bec-9f11-869352ef7965"	has_topic	TOPIC_11
"4abf1079-fae2-4b16-bdf3-fbe636c2ace0"	has_topic	TOPIC_13
"4abf1079-fae2-4b16-bdf3-fbe636c2ace0"	has_topic	TOPIC_4
"4abf1079-fae2-4b16-bdf3-fbe636c2ace0"	has_topic	TOPIC_1
"4abf1079-fae2-4b16-bdf3-fbe636c2ace0"	has_topic	TOPIC_23
"4abf1079-fae2-4b16-bdf3-fbe636c2ace0"	has_topic	TOPIC_3
"4abf171a-5495-483a-9192-dcfd324bf6bd"	has_topic	TOPIC_10
"4abf171a-5495-483a-9192-dcfd324bf6bd"	has_topic	TOPIC_16
"4abf171a-5495-483a-9192-dcfd324bf6bd"	has_topic	TOPIC_25
"4abf171a-5495-483a-9192-dcfd324bf6bd"	has_topic	TOPIC_15
"4abf722a-00a1-47b3-83c4-a731461feaf4"	has_topic	TOPIC_16
"4abf722a-00a1-47b3-83c4-a731461feaf4"	has_topic	TOPIC_20
"4abf722a-00a1-47b3-83c4-a731461feaf4"	has_topic	TOPIC_3
"4abf722a-00a1-47b3-83c4-a731461feaf4"	has_topic	TOPIC_11
"4abf722a-00a1-47b3-83c4-a731461feaf4"	has_topic	TOPIC_0
"4abf9958-d27f-4202-b010-36d6c3543999"	has_topic	TOPIC_6
"4abf9958-d27f-4202-b010-36d6c3543999"	has_topic	TOPIC_16
"4abf9958-d27f-4202-b010-36d6c3543999"	has_topic	TOPIC_2
"4abff35b-3905-428b-85e5-92fe56db97ba"	has_topic	TOPIC_4
"4abff35b-3905-428b-85e5-92fe56db97ba"	has_topic	TOPIC_17
"4abff35b-3905-428b-85e5-92fe56db97ba"	has_topic	TOPIC_1
"4abff35b-3905-428b-85e5-92fe56db97ba"	has_topic	TOPIC_12
"4abff35b-3905-428b-85e5-92fe56db97ba"	has_topic	TOPIC_3
"4ac0256c-0d61-4489-a442-ebfc54c0aa25"	has_topic	TOPIC_13
"4ac0256c-0d61-4489-a442-ebfc54c0aa25"	has_topic	TOPIC_4
"4ac0256c-0d61-4489-a442-ebfc54c0aa25"	has_topic	TOPIC_6
"4ac0256c-0d61-4489-a442-ebfc54c0aa25"	has_topic	TOPIC_22
"4ac0256c-0d61-4489-a442-ebfc54c0aa25"	has_topic	TOPIC_9
"4ac0594b-5e2d-4bec-b626-3e5eaca39545"	has_topic	TOPIC_25
"4ac0594b-5e2d-4bec-b626-3e5eaca39545"	has_topic	TOPIC_3
"4ac0594b-5e2d-4bec-b626-3e5eaca39545"	has_topic	TOPIC_11
"4ac0594b-5e2d-4bec-b626-3e5eaca39545"	has_topic	TOPIC_19
"4ac0e68d-1497-4ac5-97b4-d3d23626f095"	has_topic	TOPIC_6
"4ac0e68d-1497-4ac5-97b4-d3d23626f095"	has_topic	TOPIC_16
"4ac0e68d-1497-4ac5-97b4-d3d23626f095"	has_topic	TOPIC_12
"4ac0e68d-1497-4ac5-97b4-d3d23626f095"	has_topic	TOPIC_8
"4ac1ac19-8327-49f1-9997-93583128cf76"	has_topic	TOPIC_13
"4ac1ac19-8327-49f1-9997-93583128cf76"	has_topic	TOPIC_4
"4ac1ac19-8327-49f1-9997-93583128cf76"	has_topic	TOPIC_6
"4ac1ac19-8327-49f1-9997-93583128cf76"	has_topic	TOPIC_16
"4ac1ac19-8327-49f1-9997-93583128cf76"	has_topic	TOPIC_8
"4ac22d83-e6a1-4742-bb2e-1719d84728ef"	has_topic	TOPIC_13
"4ac22d83-e6a1-4742-bb2e-1719d84728ef"	has_topic	TOPIC_22
"4ac22d83-e6a1-4742-bb2e-1719d84728ef"	has_topic	TOPIC_11
"4ac22d83-e6a1-4742-bb2e-1719d84728ef"	has_topic	TOPIC_0
"4ac25ad6-8620-48d3-a39e-edfceb3ba752"	has_topic	TOPIC_4
"4ac25ad6-8620-48d3-a39e-edfceb3ba752"	has_topic	TOPIC_17
"4ac25ad6-8620-48d3-a39e-edfceb3ba752"	has_topic	TOPIC_1
"4ac25ad6-8620-48d3-a39e-edfceb3ba752"	has_topic	TOPIC_3
"4ac25ad6-8620-48d3-a39e-edfceb3ba752"	has_topic	TOPIC_0
"4ac282fd-8343-489d-a7ee-777a697483c7"	has_topic	TOPIC_5
"4ac282fd-8343-489d-a7ee-777a697483c7"	has_topic	TOPIC_14
"4ac282fd-8343-489d-a7ee-777a697483c7"	has_topic	TOPIC_15
"4ac282fd-8343-489d-a7ee-777a697483c7"	has_topic	TOPIC_11
"4ac28729-b073-4da7-b49c-79fcde2b9bb4"	has_topic	TOPIC_10
"4ac28729-b073-4da7-b49c-79fcde2b9bb4"	has_topic	TOPIC_14
"4ac28729-b073-4da7-b49c-79fcde2b9bb4"	has_topic	TOPIC_12
"4ac28729-b073-4da7-b49c-79fcde2b9bb4"	has_topic	TOPIC_18
"4ac28729-b073-4da7-b49c-79fcde2b9bb4"	has_topic	TOPIC_0
"4ac4c8b1-1fb5-4fe1-b7d6-f31f9a4f9018"	has_topic	TOPIC_6
"4ac4c8b1-1fb5-4fe1-b7d6-f31f9a4f9018"	has_topic	TOPIC_20
"4ac4c8b1-1fb5-4fe1-b7d6-f31f9a4f9018"	has_topic	TOPIC_18
"4ac4c8b1-1fb5-4fe1-b7d6-f31f9a4f9018"	has_topic	TOPIC_8
"4ac4c8b1-1fb5-4fe1-b7d6-f31f9a4f9018"	has_topic	TOPIC_0
"4ac51b4a-4af7-4c6d-a9fd-eb216a9941ed"	has_topic	TOPIC_4
"4ac51b4a-4af7-4c6d-a9fd-eb216a9941ed"	has_topic	TOPIC_6
"4ac51b4a-4af7-4c6d-a9fd-eb216a9941ed"	has_topic	TOPIC_17
"4ac51b4a-4af7-4c6d-a9fd-eb216a9941ed"	has_topic	TOPIC_12
"4ac51b4a-4af7-4c6d-a9fd-eb216a9941ed"	has_topic	TOPIC_15
"4ac5f5b1-812d-4962-8df2-07a774f85d0d"	has_topic	TOPIC_4
"4ac5f5b1-812d-4962-8df2-07a774f85d0d"	has_topic	TOPIC_22
"4ac5f5b1-812d-4962-8df2-07a774f85d0d"	has_topic	TOPIC_11
"4ac5f5b1-812d-4962-8df2-07a774f85d0d"	has_topic	TOPIC_19
"4ac60466-4b73-419e-b55e-696302f0152d"	has_topic	TOPIC_16
"4ac60466-4b73-419e-b55e-696302f0152d"	has_topic	TOPIC_17
"4ac60466-4b73-419e-b55e-696302f0152d"	has_topic	TOPIC_18
"4ac60466-4b73-419e-b55e-696302f0152d"	has_topic	TOPIC_21
"4ac6374a-cc96-4bd5-b82b-cef9ac0d57bb"	has_topic	TOPIC_4
"4ac6374a-cc96-4bd5-b82b-cef9ac0d57bb"	has_topic	TOPIC_15
"4ac6374a-cc96-4bd5-b82b-cef9ac0d57bb"	has_topic	TOPIC_11
"4ac6374a-cc96-4bd5-b82b-cef9ac0d57bb"	has_topic	TOPIC_7
"4ab3a98c-3620-47ec-b578-884ecf4a6206"	has_topic	TOPIC_13
"4ab3a98c-3620-47ec-b578-884ecf4a6206"	has_topic	TOPIC_5
"4ab3a98c-3620-47ec-b578-884ecf4a6206"	has_topic	TOPIC_16
"4ab3a98c-3620-47ec-b578-884ecf4a6206"	has_topic	TOPIC_17
"4ab3a98c-3620-47ec-b578-884ecf4a6206"	has_topic	TOPIC_14
"4ab3f7cd-140b-4e29-99d4-f4e8006c4f65"	has_topic	TOPIC_22
"4ab3f7cd-140b-4e29-99d4-f4e8006c4f65"	has_topic	TOPIC_25
"4ab3f7cd-140b-4e29-99d4-f4e8006c4f65"	has_topic	TOPIC_2
"4ab3f7cd-140b-4e29-99d4-f4e8006c4f65"	has_topic	TOPIC_9
"4ab3f7cd-140b-4e29-99d4-f4e8006c4f65"	has_topic	TOPIC_3
"4ab4244d-fb3e-49a3-b125-367df3d8e6ba"	has_topic	TOPIC_5
"4ab4244d-fb3e-49a3-b125-367df3d8e6ba"	has_topic	TOPIC_6
"4ab4244d-fb3e-49a3-b125-367df3d8e6ba"	has_topic	TOPIC_22
"4ab4244d-fb3e-49a3-b125-367df3d8e6ba"	has_topic	TOPIC_15
"4ab4244d-fb3e-49a3-b125-367df3d8e6ba"	has_topic	TOPIC_21
"4ab50fd5-e0e8-44aa-acf1-a7a131293e7c"	has_topic	TOPIC_17
"4ab50fd5-e0e8-44aa-acf1-a7a131293e7c"	has_topic	TOPIC_25
"4ab50fd5-e0e8-44aa-acf1-a7a131293e7c"	has_topic	TOPIC_18
"4ab50fd5-e0e8-44aa-acf1-a7a131293e7c"	has_topic	TOPIC_11
"4ab50fd5-e0e8-44aa-acf1-a7a131293e7c"	has_topic	TOPIC_19
"4ab57ebc-8bdf-4f3b-91c8-c20756fce04a"	has_topic	TOPIC_4
"4ab57ebc-8bdf-4f3b-91c8-c20756fce04a"	has_topic	TOPIC_22
"4ab57ebc-8bdf-4f3b-91c8-c20756fce04a"	has_topic	TOPIC_14
"4ab57ebc-8bdf-4f3b-91c8-c20756fce04a"	has_topic	TOPIC_23
"4ab57ebc-8bdf-4f3b-91c8-c20756fce04a"	has_topic	TOPIC_7
"4ab5d145-0ea8-49b5-b517-93677e7cbe88"	has_topic	TOPIC_5
"4ab5d145-0ea8-49b5-b517-93677e7cbe88"	has_topic	TOPIC_17
"4ab5d145-0ea8-49b5-b517-93677e7cbe88"	has_topic	TOPIC_3
"4ab5d145-0ea8-49b5-b517-93677e7cbe88"	has_topic	TOPIC_21
"4ab63381-d9bd-4be4-aa89-bb5cab20295e"	has_topic	TOPIC_10
"4ab63381-d9bd-4be4-aa89-bb5cab20295e"	has_topic	TOPIC_2
"4ab63381-d9bd-4be4-aa89-bb5cab20295e"	has_topic	TOPIC_11
"4ab63381-d9bd-4be4-aa89-bb5cab20295e"	has_topic	TOPIC_0
"4ab668fa-93a0-4a1e-8078-86af8adc56f0"	has_topic	TOPIC_10
"4ab668fa-93a0-4a1e-8078-86af8adc56f0"	has_topic	TOPIC_20
"4ab668fa-93a0-4a1e-8078-86af8adc56f0"	has_topic	TOPIC_1
"4ab668fa-93a0-4a1e-8078-86af8adc56f0"	has_topic	TOPIC_21
"4ab668fa-93a0-4a1e-8078-86af8adc56f0"	has_topic	TOPIC_7
"4ab7247f-7956-47b4-b0e0-67a60907c248"	has_topic	TOPIC_13
"4ab7247f-7956-47b4-b0e0-67a60907c248"	has_topic	TOPIC_25
"4ab7247f-7956-47b4-b0e0-67a60907c248"	has_topic	TOPIC_20
"4ab7247f-7956-47b4-b0e0-67a60907c248"	has_topic	TOPIC_12
"4ab7247f-7956-47b4-b0e0-67a60907c248"	has_topic	TOPIC_8
"4ab8a8cb-1889-4e4b-8be9-29b7335e11d4"	has_topic	TOPIC_4
"4ab8a8cb-1889-4e4b-8be9-29b7335e11d4"	has_topic	TOPIC_6
"4ab8a8cb-1889-4e4b-8be9-29b7335e11d4"	has_topic	TOPIC_16
"4ab8a8cb-1889-4e4b-8be9-29b7335e11d4"	has_topic	TOPIC_11
"4ab90243-f09f-4a20-bfe8-37e199ff6c95"	has_topic	TOPIC_16
"4ab90243-f09f-4a20-bfe8-37e199ff6c95"	has_topic	TOPIC_18
"4ab90243-f09f-4a20-bfe8-37e199ff6c95"	has_topic	TOPIC_9
"4ab90243-f09f-4a20-bfe8-37e199ff6c95"	has_topic	TOPIC_3
"4ab90243-f09f-4a20-bfe8-37e199ff6c95"	has_topic	TOPIC_8
"4ab9608a-d7ea-43a4-a764-0293b9f179ea"	has_topic	TOPIC_13
"4ab9608a-d7ea-43a4-a764-0293b9f179ea"	has_topic	TOPIC_12
"4ab9608a-d7ea-43a4-a764-0293b9f179ea"	has_topic	TOPIC_2
"4ab9608a-d7ea-43a4-a764-0293b9f179ea"	has_topic	TOPIC_19
"4ab9752c-f765-4af8-bc70-77a00a8789f9"	has_topic	TOPIC_13
"4ab9752c-f765-4af8-bc70-77a00a8789f9"	has_topic	TOPIC_25
"4ab9752c-f765-4af8-bc70-77a00a8789f9"	has_topic	TOPIC_20
"4ab9752c-f765-4af8-bc70-77a00a8789f9"	has_topic	TOPIC_2
"4ab9752c-f765-4af8-bc70-77a00a8789f9"	has_topic	TOPIC_7
"4aba9c78-4600-46f0-9dab-50eb5be30fae"	has_topic	TOPIC_13
"4aba9c78-4600-46f0-9dab-50eb5be30fae"	has_topic	TOPIC_17
"4aba9c78-4600-46f0-9dab-50eb5be30fae"	has_topic	TOPIC_22
"4aba9c78-4600-46f0-9dab-50eb5be30fae"	has_topic	TOPIC_25
"4aba9c78-4600-46f0-9dab-50eb5be30fae"	has_topic	TOPIC_12
"4abefaa6-66cf-469a-b9e4-cbec9e481dea"	has_topic	TOPIC_17
"4abefaa6-66cf-469a-b9e4-cbec9e481dea"	has_topic	TOPIC_25
"4abefaa6-66cf-469a-b9e4-cbec9e481dea"	has_topic	TOPIC_14
"4abefaa6-66cf-469a-b9e4-cbec9e481dea"	has_topic	TOPIC_9
"4abefaa6-66cf-469a-b9e4-cbec9e481dea"	has_topic	TOPIC_8
"4abf8c93-9f6a-4eee-bad1-ce82ccdc69e3"	has_topic	TOPIC_13
"4abf8c93-9f6a-4eee-bad1-ce82ccdc69e3"	has_topic	TOPIC_4
"4abf8c93-9f6a-4eee-bad1-ce82ccdc69e3"	has_topic	TOPIC_10
"4abf8c93-9f6a-4eee-bad1-ce82ccdc69e3"	has_topic	TOPIC_22
"4abf8c93-9f6a-4eee-bad1-ce82ccdc69e3"	has_topic	TOPIC_3
"4abfbbf7-d0f1-411a-90d6-b6a358643164"	has_topic	TOPIC_16
"4abfbbf7-d0f1-411a-90d6-b6a358643164"	has_topic	TOPIC_18
"4abfbbf7-d0f1-411a-90d6-b6a358643164"	has_topic	TOPIC_23
"4abfbbf7-d0f1-411a-90d6-b6a358643164"	has_topic	TOPIC_3
"4abfbbf7-d0f1-411a-90d6-b6a358643164"	has_topic	TOPIC_21
"4ac014eb-40a0-43f0-80c7-d60828b374ab"	has_topic	TOPIC_13
"4ac014eb-40a0-43f0-80c7-d60828b374ab"	has_topic	TOPIC_5
"4ac014eb-40a0-43f0-80c7-d60828b374ab"	has_topic	TOPIC_9
"4ac014eb-40a0-43f0-80c7-d60828b374ab"	has_topic	TOPIC_24
"4ac1a39a-553a-489a-9479-301391d63cb8"	has_topic	TOPIC_6
"4ac1a39a-553a-489a-9479-301391d63cb8"	has_topic	TOPIC_16
"4ac1a39a-553a-489a-9479-301391d63cb8"	has_topic	TOPIC_2
"4ac1a39a-553a-489a-9479-301391d63cb8"	has_topic	TOPIC_21
"4ac1a39a-553a-489a-9479-301391d63cb8"	has_topic	TOPIC_24
"4ac29cff-96ad-4302-85df-e58452b591e5"	has_topic	TOPIC_10
"4ac29cff-96ad-4302-85df-e58452b591e5"	has_topic	TOPIC_20
"4ac29cff-96ad-4302-85df-e58452b591e5"	has_topic	TOPIC_18
"4ac29cff-96ad-4302-85df-e58452b591e5"	has_topic	TOPIC_11
"4ac29cff-96ad-4302-85df-e58452b591e5"	has_topic	TOPIC_19
"4ac2d63f-8e2a-4eab-988a-7cf51203a8dd"	has_topic	TOPIC_5
"4ac2d63f-8e2a-4eab-988a-7cf51203a8dd"	has_topic	TOPIC_21
"4ac2d63f-8e2a-4eab-988a-7cf51203a8dd"	has_topic	TOPIC_24
"4ac2d63f-8e2a-4eab-988a-7cf51203a8dd"	has_topic	TOPIC_8
"4ac2d63f-8e2a-4eab-988a-7cf51203a8dd"	has_topic	TOPIC_0
"4ac2d851-fe02-45de-b097-4329b7e9eca0"	has_topic	TOPIC_6
"4ac2d851-fe02-45de-b097-4329b7e9eca0"	has_topic	TOPIC_22
"4ac2d851-fe02-45de-b097-4329b7e9eca0"	has_topic	TOPIC_2
"4ac2d851-fe02-45de-b097-4329b7e9eca0"	has_topic	TOPIC_11
"4ac2d851-fe02-45de-b097-4329b7e9eca0"	has_topic	TOPIC_19
"4ac3f993-0e08-4a64-85f2-2d16a105c81f"	has_topic	TOPIC_6
"4ac3f993-0e08-4a64-85f2-2d16a105c81f"	has_topic	TOPIC_15
"4ac3f993-0e08-4a64-85f2-2d16a105c81f"	has_topic	TOPIC_23
"4ac3f993-0e08-4a64-85f2-2d16a105c81f"	has_topic	TOPIC_8
"4ac3f993-0e08-4a64-85f2-2d16a105c81f"	has_topic	TOPIC_0
"4ac4bf11-1101-4ee4-9245-c0ae6ac8bde1"	has_topic	TOPIC_4
"4ac4bf11-1101-4ee4-9245-c0ae6ac8bde1"	has_topic	TOPIC_9
"4ac4bf11-1101-4ee4-9245-c0ae6ac8bde1"	has_topic	TOPIC_15
"4ac4bf11-1101-4ee4-9245-c0ae6ac8bde1"	has_topic	TOPIC_3
"4ac4bf11-1101-4ee4-9245-c0ae6ac8bde1"	has_topic	TOPIC_11
"4ac57097-1af8-4b1d-a3b6-f7bf2ac4acba"	has_topic	TOPIC_13
"4ac57097-1af8-4b1d-a3b6-f7bf2ac4acba"	has_topic	TOPIC_4
"4ac57097-1af8-4b1d-a3b6-f7bf2ac4acba"	has_topic	TOPIC_5
"4ac57097-1af8-4b1d-a3b6-f7bf2ac4acba"	has_topic	TOPIC_17
"4ac607a0-0cd1-47f1-9a7e-ddb978d12d63"	has_topic	TOPIC_5
"4ac607a0-0cd1-47f1-9a7e-ddb978d12d63"	has_topic	TOPIC_21
"4ac607a0-0cd1-47f1-9a7e-ddb978d12d63"	has_topic	TOPIC_8
"4ac607a0-0cd1-47f1-9a7e-ddb978d12d63"	has_topic	TOPIC_7
"4ac6a18b-ff51-4a80-9e36-c79050129ec6"	has_topic	TOPIC_13
"4ac6a18b-ff51-4a80-9e36-c79050129ec6"	has_topic	TOPIC_4
"4ac6a18b-ff51-4a80-9e36-c79050129ec6"	has_topic	TOPIC_6
"4ac6a18b-ff51-4a80-9e36-c79050129ec6"	has_topic	TOPIC_2
"4ab39729-af77-46f7-a662-16984fb9c1db"	has_topic	TOPIC_16
"4ab39729-af77-46f7-a662-16984fb9c1db"	has_topic	TOPIC_21
"4ab39729-af77-46f7-a662-16984fb9c1db"	has_topic	TOPIC_19
"4ab39729-af77-46f7-a662-16984fb9c1db"	has_topic	TOPIC_0
"4ab39729-af77-46f7-a662-16984fb9c1db"	has_topic	TOPIC_7
"4ab404e2-6f4b-4fb4-b093-50775e765b13"	has_topic	TOPIC_9
"4ab404e2-6f4b-4fb4-b093-50775e765b13"	has_topic	TOPIC_21
"4ab404e2-6f4b-4fb4-b093-50775e765b13"	has_topic	TOPIC_11
"4ab404e2-6f4b-4fb4-b093-50775e765b13"	has_topic	TOPIC_19
"4ab59e6c-fa3b-4529-bc39-00da61e0afc4"	has_topic	TOPIC_4
"4ab59e6c-fa3b-4529-bc39-00da61e0afc4"	has_topic	TOPIC_17
"4ab59e6c-fa3b-4529-bc39-00da61e0afc4"	has_topic	TOPIC_20
"4ab59e6c-fa3b-4529-bc39-00da61e0afc4"	has_topic	TOPIC_14
"4ab59e6c-fa3b-4529-bc39-00da61e0afc4"	has_topic	TOPIC_9
"4ab60a4a-edc5-4b04-8c17-b7e89e343a28"	has_topic	TOPIC_5
"4ab60a4a-edc5-4b04-8c17-b7e89e343a28"	has_topic	TOPIC_6
"4ab60a4a-edc5-4b04-8c17-b7e89e343a28"	has_topic	TOPIC_17
"4ab60a4a-edc5-4b04-8c17-b7e89e343a28"	has_topic	TOPIC_14
"4ab60a4a-edc5-4b04-8c17-b7e89e343a28"	has_topic	TOPIC_9
"4ab68953-1a52-47d6-992c-37250ad11e8b"	has_topic	TOPIC_13
"4ab68953-1a52-47d6-992c-37250ad11e8b"	has_topic	TOPIC_10
"4ab68953-1a52-47d6-992c-37250ad11e8b"	has_topic	TOPIC_22
"4ab68953-1a52-47d6-992c-37250ad11e8b"	has_topic	TOPIC_12
"4ab68953-1a52-47d6-992c-37250ad11e8b"	has_topic	TOPIC_2
"4ab689ab-506e-457c-b0b2-192829c34035"	has_topic	TOPIC_16
"4ab689ab-506e-457c-b0b2-192829c34035"	has_topic	TOPIC_9
"4ab689ab-506e-457c-b0b2-192829c34035"	has_topic	TOPIC_15
"4ab689ab-506e-457c-b0b2-192829c34035"	has_topic	TOPIC_8
"4ab6eaa4-0b44-489d-90c5-790db4c9060e"	has_topic	TOPIC_13
"4ab6eaa4-0b44-489d-90c5-790db4c9060e"	has_topic	TOPIC_12
"4ab6eaa4-0b44-489d-90c5-790db4c9060e"	has_topic	TOPIC_3
"4ab71fdd-c0cc-498e-8deb-84cbdb2b2448"	has_topic	TOPIC_6
"4ab71fdd-c0cc-498e-8deb-84cbdb2b2448"	has_topic	TOPIC_14
"4ab71fdd-c0cc-498e-8deb-84cbdb2b2448"	has_topic	TOPIC_15
"4ab71fdd-c0cc-498e-8deb-84cbdb2b2448"	has_topic	TOPIC_3
"4ab71fdd-c0cc-498e-8deb-84cbdb2b2448"	has_topic	TOPIC_8
"4ab82679-435a-4c16-a12e-26a9e153172c"	has_topic	TOPIC_17
"4ab82679-435a-4c16-a12e-26a9e153172c"	has_topic	TOPIC_20
"4ab82679-435a-4c16-a12e-26a9e153172c"	has_topic	TOPIC_14
"4ab82679-435a-4c16-a12e-26a9e153172c"	has_topic	TOPIC_15
"4ab82679-435a-4c16-a12e-26a9e153172c"	has_topic	TOPIC_3
"4ab82e6e-94e0-47b7-b20c-1eb70aabd346"	has_topic	TOPIC_5
"4ab82e6e-94e0-47b7-b20c-1eb70aabd346"	has_topic	TOPIC_22
"4ab82e6e-94e0-47b7-b20c-1eb70aabd346"	has_topic	TOPIC_25
"4ab82e6e-94e0-47b7-b20c-1eb70aabd346"	has_topic	TOPIC_24
"4ab85384-9a63-4139-afed-19e78efe7d73"	has_topic	TOPIC_4
"4ab85384-9a63-4139-afed-19e78efe7d73"	has_topic	TOPIC_25
"4ab85384-9a63-4139-afed-19e78efe7d73"	has_topic	TOPIC_1
"4ab85384-9a63-4139-afed-19e78efe7d73"	has_topic	TOPIC_23
"4aba00f3-0b12-4c9d-83c0-4442b25ca4e6"	has_topic	TOPIC_5
"4aba00f3-0b12-4c9d-83c0-4442b25ca4e6"	has_topic	TOPIC_10
"4aba00f3-0b12-4c9d-83c0-4442b25ca4e6"	has_topic	TOPIC_15
"4aba00f3-0b12-4c9d-83c0-4442b25ca4e6"	has_topic	TOPIC_11
"4aba00f3-0b12-4c9d-83c0-4442b25ca4e6"	has_topic	TOPIC_19
"4abb64d8-90b0-4e93-976f-c564b762a462"	has_topic	TOPIC_2
"4abb64d8-90b0-4e93-976f-c564b762a462"	has_topic	TOPIC_15
"4abb64d8-90b0-4e93-976f-c564b762a462"	has_topic	TOPIC_21
"4abb64d8-90b0-4e93-976f-c564b762a462"	has_topic	TOPIC_0
"4abd36bd-6021-4e5f-ac08-4990a9683f86"	has_topic	TOPIC_5
"4abd36bd-6021-4e5f-ac08-4990a9683f86"	has_topic	TOPIC_15
"4abd36bd-6021-4e5f-ac08-4990a9683f86"	has_topic	TOPIC_23
"4abd36bd-6021-4e5f-ac08-4990a9683f86"	has_topic	TOPIC_3
"4abddc96-3f8c-4f2b-a83b-4c1a6fa1e3d5"	has_topic	TOPIC_6
"4abddc96-3f8c-4f2b-a83b-4c1a6fa1e3d5"	has_topic	TOPIC_18
"4abddc96-3f8c-4f2b-a83b-4c1a6fa1e3d5"	has_topic	TOPIC_0
"4abddc96-3f8c-4f2b-a83b-4c1a6fa1e3d5"	has_topic	TOPIC_7
"4abeb448-9f83-4fa9-90e3-abf00eda3dfb"	has_topic	TOPIC_4
"4abeb448-9f83-4fa9-90e3-abf00eda3dfb"	has_topic	TOPIC_5
"4abeb448-9f83-4fa9-90e3-abf00eda3dfb"	has_topic	TOPIC_10
"4abeb448-9f83-4fa9-90e3-abf00eda3dfb"	has_topic	TOPIC_22
"4abeb448-9f83-4fa9-90e3-abf00eda3dfb"	has_topic	TOPIC_7
"4abec1f7-b21f-4a54-9ef6-cfbdc8c63a59"	has_topic	TOPIC_10
"4abec1f7-b21f-4a54-9ef6-cfbdc8c63a59"	has_topic	TOPIC_16
"4abec1f7-b21f-4a54-9ef6-cfbdc8c63a59"	has_topic	TOPIC_9
"4abec1f7-b21f-4a54-9ef6-cfbdc8c63a59"	has_topic	TOPIC_8
"4abec1f7-b21f-4a54-9ef6-cfbdc8c63a59"	has_topic	TOPIC_0
"4abef7ce-25c6-48ad-874d-b802070622af"	has_topic	TOPIC_22
"4abef7ce-25c6-48ad-874d-b802070622af"	has_topic	TOPIC_20
"4abef7ce-25c6-48ad-874d-b802070622af"	has_topic	TOPIC_2
"4abef7ce-25c6-48ad-874d-b802070622af"	has_topic	TOPIC_9
"4abef7ce-25c6-48ad-874d-b802070622af"	has_topic	TOPIC_19
"4abf55a2-39b7-4050-8b96-644362bb6674"	has_topic	TOPIC_6
"4abf55a2-39b7-4050-8b96-644362bb6674"	has_topic	TOPIC_10
"4abf55a2-39b7-4050-8b96-644362bb6674"	has_topic	TOPIC_14
"4abf55a2-39b7-4050-8b96-644362bb6674"	has_topic	TOPIC_24
"4abf55a2-39b7-4050-8b96-644362bb6674"	has_topic	TOPIC_19
"4abf915d-19a6-46c7-ba77-04b47cc740f8"	has_topic	TOPIC_4
"4abf915d-19a6-46c7-ba77-04b47cc740f8"	has_topic	TOPIC_5
"4abf915d-19a6-46c7-ba77-04b47cc740f8"	has_topic	TOPIC_16
"4abf915d-19a6-46c7-ba77-04b47cc740f8"	has_topic	TOPIC_12
"4abf915d-19a6-46c7-ba77-04b47cc740f8"	has_topic	TOPIC_23
"4ac2875e-9c2f-48b8-993a-1c4542ba2fd7"	has_topic	TOPIC_5
"4ac2875e-9c2f-48b8-993a-1c4542ba2fd7"	has_topic	TOPIC_14
"4ac2875e-9c2f-48b8-993a-1c4542ba2fd7"	has_topic	TOPIC_21
"4ac2875e-9c2f-48b8-993a-1c4542ba2fd7"	has_topic	TOPIC_11
"4ac2875e-9c2f-48b8-993a-1c4542ba2fd7"	has_topic	TOPIC_7
"4ac3391f-1058-4e0b-b116-16e26454eb92"	has_topic	TOPIC_10
"4ac3391f-1058-4e0b-b116-16e26454eb92"	has_topic	TOPIC_22
"4ac3391f-1058-4e0b-b116-16e26454eb92"	has_topic	TOPIC_9
"4ac3391f-1058-4e0b-b116-16e26454eb92"	has_topic	TOPIC_3
"4ac3391f-1058-4e0b-b116-16e26454eb92"	has_topic	TOPIC_0
"4ac49585-e706-417f-a5d7-98a62a962a2d"	has_topic	TOPIC_17
"4ac49585-e706-417f-a5d7-98a62a962a2d"	has_topic	TOPIC_20
"4ac49585-e706-417f-a5d7-98a62a962a2d"	has_topic	TOPIC_21
"4ac49585-e706-417f-a5d7-98a62a962a2d"	has_topic	TOPIC_11
"4ac49585-e706-417f-a5d7-98a62a962a2d"	has_topic	TOPIC_0
"4ac6032b-fb2f-4622-a098-f6cb1b1b96f7"	has_topic	TOPIC_4
"4ac6032b-fb2f-4622-a098-f6cb1b1b96f7"	has_topic	TOPIC_12
"4ac6032b-fb2f-4622-a098-f6cb1b1b96f7"	has_topic	TOPIC_3
"4ac6032b-fb2f-4622-a098-f6cb1b1b96f7"	has_topic	TOPIC_11
"4ac6032b-fb2f-4622-a098-f6cb1b1b96f7"	has_topic	TOPIC_19
"4ab6dbaf-3c3c-47b9-be3f-9c400fdd525f"	has_topic	TOPIC_14
"4ab6dbaf-3c3c-47b9-be3f-9c400fdd525f"	has_topic	TOPIC_15
"4ab6dbaf-3c3c-47b9-be3f-9c400fdd525f"	has_topic	TOPIC_23
"4ab6dbaf-3c3c-47b9-be3f-9c400fdd525f"	has_topic	TOPIC_3
"4ab3a4cf-1d96-4ce5-ab6f-b3e19fc260de"	has_topic	TOPIC_16
"4ab3a4cf-1d96-4ce5-ab6f-b3e19fc260de"	has_topic	TOPIC_20
"4ab3a4cf-1d96-4ce5-ab6f-b3e19fc260de"	has_topic	TOPIC_14
"4ab3a4cf-1d96-4ce5-ab6f-b3e19fc260de"	has_topic	TOPIC_1
"4ab439a4-9379-44f5-b98b-87125ae7366e"	has_topic	TOPIC_16
"4ab439a4-9379-44f5-b98b-87125ae7366e"	has_topic	TOPIC_23
"4ab439a4-9379-44f5-b98b-87125ae7366e"	has_topic	TOPIC_24
"4ab439a4-9379-44f5-b98b-87125ae7366e"	has_topic	TOPIC_7
"4ab46288-3a29-471f-95c9-9926df1f93ce"	has_topic	TOPIC_16
"4ab46288-3a29-471f-95c9-9926df1f93ce"	has_topic	TOPIC_12
"4ab46288-3a29-471f-95c9-9926df1f93ce"	has_topic	TOPIC_15
"4ab46288-3a29-471f-95c9-9926df1f93ce"	has_topic	TOPIC_23
"4ab46288-3a29-471f-95c9-9926df1f93ce"	has_topic	TOPIC_0
"4ab77078-727b-4bba-be14-114927f14f34"	has_topic	TOPIC_5
"4ab77078-727b-4bba-be14-114927f14f34"	has_topic	TOPIC_15
"4ab77078-727b-4bba-be14-114927f14f34"	has_topic	TOPIC_21
"4ab77078-727b-4bba-be14-114927f14f34"	has_topic	TOPIC_7
"4ab89589-b41d-41fb-8265-bb950011695c"	has_topic	TOPIC_13
"4ab89589-b41d-41fb-8265-bb950011695c"	has_topic	TOPIC_18
"4ab89589-b41d-41fb-8265-bb950011695c"	has_topic	TOPIC_8
"4ab89589-b41d-41fb-8265-bb950011695c"	has_topic	TOPIC_19
"4ab924c6-2ae5-4456-a7a6-a7349187a7d4"	has_topic	TOPIC_4
"4ab924c6-2ae5-4456-a7a6-a7349187a7d4"	has_topic	TOPIC_5
"4ab924c6-2ae5-4456-a7a6-a7349187a7d4"	has_topic	TOPIC_16
"4ab924c6-2ae5-4456-a7a6-a7349187a7d4"	has_topic	TOPIC_18
"4ab924c6-2ae5-4456-a7a6-a7349187a7d4"	has_topic	TOPIC_15
"4ab9e71c-953e-41e5-b062-e76f560e521f"	has_topic	TOPIC_4
"4ab9e71c-953e-41e5-b062-e76f560e521f"	has_topic	TOPIC_6
"4ab9e71c-953e-41e5-b062-e76f560e521f"	has_topic	TOPIC_16
"4ab9e71c-953e-41e5-b062-e76f560e521f"	has_topic	TOPIC_17
"4ab9e71c-953e-41e5-b062-e76f560e521f"	has_topic	TOPIC_9
"4abb39cb-88c5-4296-8d99-443e168110d9"	has_topic	TOPIC_4
"4abb39cb-88c5-4296-8d99-443e168110d9"	has_topic	TOPIC_6
"4abb39cb-88c5-4296-8d99-443e168110d9"	has_topic	TOPIC_1
"4abb39cb-88c5-4296-8d99-443e168110d9"	has_topic	TOPIC_19
"4abb39cb-88c5-4296-8d99-443e168110d9"	has_topic	TOPIC_0
"4abc79b3-b9ff-47bd-996e-f01d0636f5bb"	has_topic	TOPIC_12
"4abc79b3-b9ff-47bd-996e-f01d0636f5bb"	has_topic	TOPIC_2
"4abc79b3-b9ff-47bd-996e-f01d0636f5bb"	has_topic	TOPIC_21
"4abc79b3-b9ff-47bd-996e-f01d0636f5bb"	has_topic	TOPIC_0
"4abd26e5-54d9-4409-a7b7-79a81902ace9"	has_topic	TOPIC_10
"4abd26e5-54d9-4409-a7b7-79a81902ace9"	has_topic	TOPIC_22
"4abd26e5-54d9-4409-a7b7-79a81902ace9"	has_topic	TOPIC_3
"4abd26e5-54d9-4409-a7b7-79a81902ace9"	has_topic	TOPIC_19
"4abddf85-6038-47b3-8caa-f126bbe83226"	has_topic	TOPIC_5
"4abddf85-6038-47b3-8caa-f126bbe83226"	has_topic	TOPIC_20
"4abddf85-6038-47b3-8caa-f126bbe83226"	has_topic	TOPIC_24
"4abddf85-6038-47b3-8caa-f126bbe83226"	has_topic	TOPIC_19
"4abeda0e-b107-4209-82f2-e2da14a4c538"	has_topic	TOPIC_22
"4abeda0e-b107-4209-82f2-e2da14a4c538"	has_topic	TOPIC_15
"4abeda0e-b107-4209-82f2-e2da14a4c538"	has_topic	TOPIC_21
"4abeda0e-b107-4209-82f2-e2da14a4c538"	has_topic	TOPIC_24
"4abeda0e-b107-4209-82f2-e2da14a4c538"	has_topic	TOPIC_11
"4ac004e8-05ee-4542-a89c-6978f6ac4090"	has_topic	TOPIC_17
"4ac004e8-05ee-4542-a89c-6978f6ac4090"	has_topic	TOPIC_12
"4ac004e8-05ee-4542-a89c-6978f6ac4090"	has_topic	TOPIC_0
"4ac004e8-05ee-4542-a89c-6978f6ac4090"	has_topic	TOPIC_7
"4ac3b579-e266-462a-a68a-029184879e16"	has_topic	TOPIC_17
"4ac3b579-e266-462a-a68a-029184879e16"	has_topic	TOPIC_2
"4ac3b579-e266-462a-a68a-029184879e16"	has_topic	TOPIC_9
"4ac3b579-e266-462a-a68a-029184879e16"	has_topic	TOPIC_3
"4ac3b579-e266-462a-a68a-029184879e16"	has_topic	TOPIC_21
"4ac44673-aee8-4587-bf24-bb3d26bde078"	has_topic	TOPIC_13
"4ac44673-aee8-4587-bf24-bb3d26bde078"	has_topic	TOPIC_4
"4ac44673-aee8-4587-bf24-bb3d26bde078"	has_topic	TOPIC_16
"4ac44673-aee8-4587-bf24-bb3d26bde078"	has_topic	TOPIC_22
"4ac4930f-2fd5-4534-b63d-dffbd7b9839f"	has_topic	TOPIC_22
"4ac4930f-2fd5-4534-b63d-dffbd7b9839f"	has_topic	TOPIC_14
"4ac4930f-2fd5-4534-b63d-dffbd7b9839f"	has_topic	TOPIC_12
"4ac4930f-2fd5-4534-b63d-dffbd7b9839f"	has_topic	TOPIC_21
"4ac4930f-2fd5-4534-b63d-dffbd7b9839f"	has_topic	TOPIC_8
"4abc20be-8331-441a-adee-e978ab0b0cd8"	has_topic	TOPIC_12
"4abc20be-8331-441a-adee-e978ab0b0cd8"	has_topic	TOPIC_18
"4abc20be-8331-441a-adee-e978ab0b0cd8"	has_topic	TOPIC_9
"4abc20be-8331-441a-adee-e978ab0b0cd8"	has_topic	TOPIC_21
"4abc20be-8331-441a-adee-e978ab0b0cd8"	has_topic	TOPIC_24
"4ab4c0a1-3c5a-44c6-bdd4-3a0618d303ca"	has_topic	TOPIC_17
"4ab4c0a1-3c5a-44c6-bdd4-3a0618d303ca"	has_topic	TOPIC_9
"4ab4c0a1-3c5a-44c6-bdd4-3a0618d303ca"	has_topic	TOPIC_11
"4ab4c0a1-3c5a-44c6-bdd4-3a0618d303ca"	has_topic	TOPIC_7
"4ab5e3f4-9b58-4fbb-9bde-ee2f2185cc61"	has_topic	TOPIC_17
"4ab5e3f4-9b58-4fbb-9bde-ee2f2185cc61"	has_topic	TOPIC_9
"4ab5e3f4-9b58-4fbb-9bde-ee2f2185cc61"	has_topic	TOPIC_23
"4ab5e3f4-9b58-4fbb-9bde-ee2f2185cc61"	has_topic	TOPIC_7
"4ab6c0ff-2d1a-4cb0-acdc-8ca7517cb14a"	has_topic	TOPIC_4
"4ab6c0ff-2d1a-4cb0-acdc-8ca7517cb14a"	has_topic	TOPIC_6
"4ab6c0ff-2d1a-4cb0-acdc-8ca7517cb14a"	has_topic	TOPIC_17
"4ab6c0ff-2d1a-4cb0-acdc-8ca7517cb14a"	has_topic	TOPIC_23
"4ab6c0ff-2d1a-4cb0-acdc-8ca7517cb14a"	has_topic	TOPIC_21
"4abaa91b-add3-4835-94be-dafcc4916282"	has_topic	TOPIC_4
"4abaa91b-add3-4835-94be-dafcc4916282"	has_topic	TOPIC_10
"4abaa91b-add3-4835-94be-dafcc4916282"	has_topic	TOPIC_16
"4abaa91b-add3-4835-94be-dafcc4916282"	has_topic	TOPIC_25
"4abaa91b-add3-4835-94be-dafcc4916282"	has_topic	TOPIC_7
"4abcd3ed-a1f3-42e1-9b83-57d6706ba794"	has_topic	TOPIC_5
"4abcd3ed-a1f3-42e1-9b83-57d6706ba794"	has_topic	TOPIC_25
"4abcd3ed-a1f3-42e1-9b83-57d6706ba794"	has_topic	TOPIC_1
"4abcd3ed-a1f3-42e1-9b83-57d6706ba794"	has_topic	TOPIC_3
"4abcd3ed-a1f3-42e1-9b83-57d6706ba794"	has_topic	TOPIC_24
"4abd9035-7495-4b96-a5d6-25aa66a8a240"	has_topic	TOPIC_16
"4abd9035-7495-4b96-a5d6-25aa66a8a240"	has_topic	TOPIC_25
"4abd9035-7495-4b96-a5d6-25aa66a8a240"	has_topic	TOPIC_21
"4abd9035-7495-4b96-a5d6-25aa66a8a240"	has_topic	TOPIC_11
"4abd9035-7495-4b96-a5d6-25aa66a8a240"	has_topic	TOPIC_0
"4abe21df-dd18-49b5-b0da-827bd3cbc1ec"	has_topic	TOPIC_18
"4abe21df-dd18-49b5-b0da-827bd3cbc1ec"	has_topic	TOPIC_9
"4abe21df-dd18-49b5-b0da-827bd3cbc1ec"	has_topic	TOPIC_3
"4abe21df-dd18-49b5-b0da-827bd3cbc1ec"	has_topic	TOPIC_8
"4abe21df-dd18-49b5-b0da-827bd3cbc1ec"	has_topic	TOPIC_7
"4abe3ad9-7d7f-4899-9aca-0325600eb7ec"	has_topic	TOPIC_10
"4abe3ad9-7d7f-4899-9aca-0325600eb7ec"	has_topic	TOPIC_17
"4abe3ad9-7d7f-4899-9aca-0325600eb7ec"	has_topic	TOPIC_2
"4abe3ad9-7d7f-4899-9aca-0325600eb7ec"	has_topic	TOPIC_23
"4abe3ad9-7d7f-4899-9aca-0325600eb7ec"	has_topic	TOPIC_24
"4abe8dc6-b11f-4378-92d7-d301663832c9"	has_topic	TOPIC_10
"4abe8dc6-b11f-4378-92d7-d301663832c9"	has_topic	TOPIC_1
"4abe8dc6-b11f-4378-92d7-d301663832c9"	has_topic	TOPIC_21
"4abe8dc6-b11f-4378-92d7-d301663832c9"	has_topic	TOPIC_8
"4abf022e-b18e-4b61-a00f-41f0636326a6"	has_topic	TOPIC_16
"4abf022e-b18e-4b61-a00f-41f0636326a6"	has_topic	TOPIC_17
"4abf022e-b18e-4b61-a00f-41f0636326a6"	has_topic	TOPIC_1
"4abf022e-b18e-4b61-a00f-41f0636326a6"	has_topic	TOPIC_0
"4ac248c4-5416-4e8c-af90-8d43a1d488de"	has_topic	TOPIC_25
"4ac248c4-5416-4e8c-af90-8d43a1d488de"	has_topic	TOPIC_20
"4ac248c4-5416-4e8c-af90-8d43a1d488de"	has_topic	TOPIC_14
"4ac248c4-5416-4e8c-af90-8d43a1d488de"	has_topic	TOPIC_3
"4ac248c4-5416-4e8c-af90-8d43a1d488de"	has_topic	TOPIC_11
"4ac35d9e-d904-4af9-ae7b-602863c771f1"	has_topic	TOPIC_5
"4ac35d9e-d904-4af9-ae7b-602863c771f1"	has_topic	TOPIC_22
"4ac35d9e-d904-4af9-ae7b-602863c771f1"	has_topic	TOPIC_1
"4ac35d9e-d904-4af9-ae7b-602863c771f1"	has_topic	TOPIC_2
"4ac35d9e-d904-4af9-ae7b-602863c771f1"	has_topic	TOPIC_15
"4ac577e2-7d94-423e-acfb-915fcf1e4e3b"	has_topic	TOPIC_6
"4ac577e2-7d94-423e-acfb-915fcf1e4e3b"	has_topic	TOPIC_17
"4ac577e2-7d94-423e-acfb-915fcf1e4e3b"	has_topic	TOPIC_20
"4ac577e2-7d94-423e-acfb-915fcf1e4e3b"	has_topic	TOPIC_18
"4ac577e2-7d94-423e-acfb-915fcf1e4e3b"	has_topic	TOPIC_23
"4ac60b7a-9fd3-4cde-bcc6-d1e028e4b1c2"	has_topic	TOPIC_17
"4ac60b7a-9fd3-4cde-bcc6-d1e028e4b1c2"	has_topic	TOPIC_2
"4ac60b7a-9fd3-4cde-bcc6-d1e028e4b1c2"	has_topic	TOPIC_15
"4ac60b7a-9fd3-4cde-bcc6-d1e028e4b1c2"	has_topic	TOPIC_21
"4ac60b7a-9fd3-4cde-bcc6-d1e028e4b1c2"	has_topic	TOPIC_7
"4ab6b310-943b-47d0-8fb9-3563bd87cce8"	has_topic	TOPIC_5
"4ab6b310-943b-47d0-8fb9-3563bd87cce8"	has_topic	TOPIC_10
"4ab6b310-943b-47d0-8fb9-3563bd87cce8"	has_topic	TOPIC_23
"4ab6b310-943b-47d0-8fb9-3563bd87cce8"	has_topic	TOPIC_8
"4ab6b310-943b-47d0-8fb9-3563bd87cce8"	has_topic	TOPIC_7
"4ab733a7-7a52-4311-a66c-cee3a35e196e"	has_topic	TOPIC_4
"4ab733a7-7a52-4311-a66c-cee3a35e196e"	has_topic	TOPIC_25
"4ab733a7-7a52-4311-a66c-cee3a35e196e"	has_topic	TOPIC_23
"4ab733a7-7a52-4311-a66c-cee3a35e196e"	has_topic	TOPIC_8
"4abc7e85-f58b-4c67-bec5-5bfd2a553b18"	has_topic	TOPIC_16
"4abc7e85-f58b-4c67-bec5-5bfd2a553b18"	has_topic	TOPIC_1
"4abc7e85-f58b-4c67-bec5-5bfd2a553b18"	has_topic	TOPIC_23
"4abc7e85-f58b-4c67-bec5-5bfd2a553b18"	has_topic	TOPIC_0
"4abc7e85-f58b-4c67-bec5-5bfd2a553b18"	has_topic	TOPIC_7
"4abeecb8-6904-4314-bb64-9980d8bf893c"	has_topic	TOPIC_13
"4abeecb8-6904-4314-bb64-9980d8bf893c"	has_topic	TOPIC_5
"4abeecb8-6904-4314-bb64-9980d8bf893c"	has_topic	TOPIC_16
"4abeecb8-6904-4314-bb64-9980d8bf893c"	has_topic	TOPIC_25
"4ac0ca79-994e-4766-9a90-d693745f570c"	has_topic	TOPIC_14
"4ac0ca79-994e-4766-9a90-d693745f570c"	has_topic	TOPIC_2
"4ac0ca79-994e-4766-9a90-d693745f570c"	has_topic	TOPIC_21
"4ac0ca79-994e-4766-9a90-d693745f570c"	has_topic	TOPIC_11
"4ac0ca79-994e-4766-9a90-d693745f570c"	has_topic	TOPIC_19
"4ac48942-0e23-4042-9b5e-e7f30d592d45"	has_topic	TOPIC_20
"4ac48942-0e23-4042-9b5e-e7f30d592d45"	has_topic	TOPIC_14
"4ac48942-0e23-4042-9b5e-e7f30d592d45"	has_topic	TOPIC_12
"4ac48942-0e23-4042-9b5e-e7f30d592d45"	has_topic	TOPIC_15
"4ac48942-0e23-4042-9b5e-e7f30d592d45"	has_topic	TOPIC_8
"4ac5278d-ea90-4c10-a18d-4b1e6e62965d"	has_topic	TOPIC_20
"4ac5278d-ea90-4c10-a18d-4b1e6e62965d"	has_topic	TOPIC_23
"4ac5278d-ea90-4c10-a18d-4b1e6e62965d"	has_topic	TOPIC_3
"4ac5278d-ea90-4c10-a18d-4b1e6e62965d"	has_topic	TOPIC_11
"4ab3b585-82b4-4207-91dd-b6bce7e27c4e"	has_topic	TOPIC_14
"4ab3b585-82b4-4207-91dd-b6bce7e27c4e"	has_topic	TOPIC_12
"4ab3b585-82b4-4207-91dd-b6bce7e27c4e"	has_topic	TOPIC_9
"4ab3b585-82b4-4207-91dd-b6bce7e27c4e"	has_topic	TOPIC_8
"4ab5585e-6a6a-4c92-b37c-e4dbb67fe72e"	has_topic	TOPIC_16
"4ab5585e-6a6a-4c92-b37c-e4dbb67fe72e"	has_topic	TOPIC_14
"4ab5585e-6a6a-4c92-b37c-e4dbb67fe72e"	has_topic	TOPIC_24
"4ab5585e-6a6a-4c92-b37c-e4dbb67fe72e"	has_topic	TOPIC_11
"4ab5585e-6a6a-4c92-b37c-e4dbb67fe72e"	has_topic	TOPIC_0
"4ab63e25-5d11-4658-838d-199c55886b17"	has_topic	TOPIC_1
"4ab63e25-5d11-4658-838d-199c55886b17"	has_topic	TOPIC_15
"4ab63e25-5d11-4658-838d-199c55886b17"	has_topic	TOPIC_3
"4ab63e25-5d11-4658-838d-199c55886b17"	has_topic	TOPIC_21
"4ab63e25-5d11-4658-838d-199c55886b17"	has_topic	TOPIC_7
"4ab6de47-6344-4d11-88bd-9b481d98c0fd"	has_topic	TOPIC_12
"4ab6de47-6344-4d11-88bd-9b481d98c0fd"	has_topic	TOPIC_9
"4ab6de47-6344-4d11-88bd-9b481d98c0fd"	has_topic	TOPIC_15
"4ab6de47-6344-4d11-88bd-9b481d98c0fd"	has_topic	TOPIC_0
"4ab6de47-6344-4d11-88bd-9b481d98c0fd"	has_topic	TOPIC_7
"4ab717e9-32e7-4647-9e51-81b66414a761"	has_topic	TOPIC_20
"4ab717e9-32e7-4647-9e51-81b66414a761"	has_topic	TOPIC_14
"4ab717e9-32e7-4647-9e51-81b66414a761"	has_topic	TOPIC_1
"4ab717e9-32e7-4647-9e51-81b66414a761"	has_topic	TOPIC_19
"4ab7b13e-bc23-4ac8-901e-40af53bd2e2d"	has_topic	TOPIC_4
"4ab7b13e-bc23-4ac8-901e-40af53bd2e2d"	has_topic	TOPIC_17
"4ab7b13e-bc23-4ac8-901e-40af53bd2e2d"	has_topic	TOPIC_22
"4ab7b13e-bc23-4ac8-901e-40af53bd2e2d"	has_topic	TOPIC_20
"4ab7fd62-8f72-4845-a1fb-77e2d9c2a733"	has_topic	TOPIC_5
"4ab7fd62-8f72-4845-a1fb-77e2d9c2a733"	has_topic	TOPIC_25
"4ab7fd62-8f72-4845-a1fb-77e2d9c2a733"	has_topic	TOPIC_21
"4ab9d02e-f259-4c8b-8a32-446f46e39b9d"	has_topic	TOPIC_13
"4ab9d02e-f259-4c8b-8a32-446f46e39b9d"	has_topic	TOPIC_15
"4ab9d02e-f259-4c8b-8a32-446f46e39b9d"	has_topic	TOPIC_3
"4ab9d02e-f259-4c8b-8a32-446f46e39b9d"	has_topic	TOPIC_0
"4abb1623-b9d4-424d-ae02-7bea0d6108d5"	has_topic	TOPIC_16
"4abb1623-b9d4-424d-ae02-7bea0d6108d5"	has_topic	TOPIC_25
"4abb1623-b9d4-424d-ae02-7bea0d6108d5"	has_topic	TOPIC_0
"4abb1623-b9d4-424d-ae02-7bea0d6108d5"	has_topic	TOPIC_7
"4abe1317-d9ce-467a-b0a2-bf9207d625f6"	has_topic	TOPIC_2
"4abe1317-d9ce-467a-b0a2-bf9207d625f6"	has_topic	TOPIC_9
"4abe1317-d9ce-467a-b0a2-bf9207d625f6"	has_topic	TOPIC_23
"4abe1317-d9ce-467a-b0a2-bf9207d625f6"	has_topic	TOPIC_11
"4abe1317-d9ce-467a-b0a2-bf9207d625f6"	has_topic	TOPIC_0
"4abe9ec5-650f-4761-9207-bb35bf4ffe71"	has_topic	TOPIC_5
"4abe9ec5-650f-4761-9207-bb35bf4ffe71"	has_topic	TOPIC_10
"4abe9ec5-650f-4761-9207-bb35bf4ffe71"	has_topic	TOPIC_21
"4abe9ec5-650f-4761-9207-bb35bf4ffe71"	has_topic	TOPIC_7
"4abfd3fd-7ffe-4af5-9af9-15aaff5c2a59"	has_topic	TOPIC_4
"4abfd3fd-7ffe-4af5-9af9-15aaff5c2a59"	has_topic	TOPIC_10
"4abfd3fd-7ffe-4af5-9af9-15aaff5c2a59"	has_topic	TOPIC_18
"4abfd3fd-7ffe-4af5-9af9-15aaff5c2a59"	has_topic	TOPIC_21
"4ac0f566-335a-49c0-a12d-8a6f90f69a80"	has_topic	TOPIC_10
"4ac0f566-335a-49c0-a12d-8a6f90f69a80"	has_topic	TOPIC_25
"4ac0f566-335a-49c0-a12d-8a6f90f69a80"	has_topic	TOPIC_20
"4ac1e573-3325-482e-8284-ed73ad97c05e"	has_topic	TOPIC_12
"4ac1e573-3325-482e-8284-ed73ad97c05e"	has_topic	TOPIC_18
"4ac1e573-3325-482e-8284-ed73ad97c05e"	has_topic	TOPIC_9
"4ac1e573-3325-482e-8284-ed73ad97c05e"	has_topic	TOPIC_23
"4ac1e573-3325-482e-8284-ed73ad97c05e"	has_topic	TOPIC_0
"4ab6f463-6f03-4fce-8995-3469e367b978"	has_topic	TOPIC_4
"4ab6f463-6f03-4fce-8995-3469e367b978"	has_topic	TOPIC_6
"4ab6f463-6f03-4fce-8995-3469e367b978"	has_topic	TOPIC_21
"4ab6f463-6f03-4fce-8995-3469e367b978"	has_topic	TOPIC_19
"4ab7b22e-5a7c-4ccf-a715-ed242f277ff9"	has_topic	TOPIC_5
"4ab7b22e-5a7c-4ccf-a715-ed242f277ff9"	has_topic	TOPIC_2
"4ab7b22e-5a7c-4ccf-a715-ed242f277ff9"	has_topic	TOPIC_24
"4ab7b22e-5a7c-4ccf-a715-ed242f277ff9"	has_topic	TOPIC_19
"4ab7b22e-5a7c-4ccf-a715-ed242f277ff9"	has_topic	TOPIC_7
"4ab9e10f-6697-4aef-807c-e93bd77114c6"	has_topic	TOPIC_13
"4ab9e10f-6697-4aef-807c-e93bd77114c6"	has_topic	TOPIC_20
"4ab9e10f-6697-4aef-807c-e93bd77114c6"	has_topic	TOPIC_2
"4ab9e10f-6697-4aef-807c-e93bd77114c6"	has_topic	TOPIC_8
"4ab9e10f-6697-4aef-807c-e93bd77114c6"	has_topic	TOPIC_11
"4abae2f1-f25f-4098-89c8-8e59a1212397"	has_topic	TOPIC_13
"4abae2f1-f25f-4098-89c8-8e59a1212397"	has_topic	TOPIC_6
"4abae2f1-f25f-4098-89c8-8e59a1212397"	has_topic	TOPIC_25
"4abae2f1-f25f-4098-89c8-8e59a1212397"	has_topic	TOPIC_21
"4abae2f1-f25f-4098-89c8-8e59a1212397"	has_topic	TOPIC_0
"4abc6eba-0535-46df-94c7-f3a6a7c6f2ed"	has_topic	TOPIC_5
"4abc6eba-0535-46df-94c7-f3a6a7c6f2ed"	has_topic	TOPIC_17
"4abc6eba-0535-46df-94c7-f3a6a7c6f2ed"	has_topic	TOPIC_3
"4abc6eba-0535-46df-94c7-f3a6a7c6f2ed"	has_topic	TOPIC_19
"4abc6eba-0535-46df-94c7-f3a6a7c6f2ed"	has_topic	TOPIC_0
"4abf0c41-08b8-4927-812d-177769c91cfa"	has_topic	TOPIC_6
"4abf0c41-08b8-4927-812d-177769c91cfa"	has_topic	TOPIC_17
"4abf0c41-08b8-4927-812d-177769c91cfa"	has_topic	TOPIC_23
"4abf0c41-08b8-4927-812d-177769c91cfa"	has_topic	TOPIC_24
"4abf0c41-08b8-4927-812d-177769c91cfa"	has_topic	TOPIC_0
"4ac165af-1b48-4f91-b00b-2f0a6a198301"	has_topic	TOPIC_13
"4ac165af-1b48-4f91-b00b-2f0a6a198301"	has_topic	TOPIC_17
"4ac165af-1b48-4f91-b00b-2f0a6a198301"	has_topic	TOPIC_25
"4ac165af-1b48-4f91-b00b-2f0a6a198301"	has_topic	TOPIC_20
"4ac462d6-9510-4914-ad95-c54e90218f97"	has_topic	TOPIC_25
"4ac462d6-9510-4914-ad95-c54e90218f97"	has_topic	TOPIC_1
"4ac462d6-9510-4914-ad95-c54e90218f97"	has_topic	TOPIC_8
"4ac462d6-9510-4914-ad95-c54e90218f97"	has_topic	TOPIC_19
"4ac4f570-4364-4f51-bfb5-f727f1b8515a"	has_topic	TOPIC_10
"4ac4f570-4364-4f51-bfb5-f727f1b8515a"	has_topic	TOPIC_12
"4ac4f570-4364-4f51-bfb5-f727f1b8515a"	has_topic	TOPIC_2
"4ac4f570-4364-4f51-bfb5-f727f1b8515a"	has_topic	TOPIC_9
"4ac4f570-4364-4f51-bfb5-f727f1b8515a"	has_topic	TOPIC_19
"4ab7ed45-2bf9-43a9-b735-b02a4757c0ee"	has_topic	TOPIC_6
"4ab7ed45-2bf9-43a9-b735-b02a4757c0ee"	has_topic	TOPIC_23
"4ab7ed45-2bf9-43a9-b735-b02a4757c0ee"	has_topic	TOPIC_19
"4aba9285-6391-42a3-9414-1adef19e35fa"	has_topic	TOPIC_4
"4aba9285-6391-42a3-9414-1adef19e35fa"	has_topic	TOPIC_11
"4aba9285-6391-42a3-9414-1adef19e35fa"	has_topic	TOPIC_0
"4abc18ea-7fe3-4b76-8e6f-ced9580b6c43"	has_topic	TOPIC_10
"4abc18ea-7fe3-4b76-8e6f-ced9580b6c43"	has_topic	TOPIC_17
"4abc18ea-7fe3-4b76-8e6f-ced9580b6c43"	has_topic	TOPIC_20
"4abc18ea-7fe3-4b76-8e6f-ced9580b6c43"	has_topic	TOPIC_2
"4abc18ea-7fe3-4b76-8e6f-ced9580b6c43"	has_topic	TOPIC_9
"4abce4ba-0095-41cd-9754-2fe76eb160ac"	has_topic	TOPIC_6
"4abce4ba-0095-41cd-9754-2fe76eb160ac"	has_topic	TOPIC_14
"4abce4ba-0095-41cd-9754-2fe76eb160ac"	has_topic	TOPIC_9
"4abce4ba-0095-41cd-9754-2fe76eb160ac"	has_topic	TOPIC_19
"4abce4ba-0095-41cd-9754-2fe76eb160ac"	has_topic	TOPIC_7
"4abdc51e-88a0-4730-901f-6b9756384e14"	has_topic	TOPIC_16
"4abdc51e-88a0-4730-901f-6b9756384e14"	has_topic	TOPIC_25
"4abdc51e-88a0-4730-901f-6b9756384e14"	has_topic	TOPIC_1
"4abdc51e-88a0-4730-901f-6b9756384e14"	has_topic	TOPIC_19
"4abe757f-e291-4509-adcb-6bac80846184"	has_topic	TOPIC_13
"4abe757f-e291-4509-adcb-6bac80846184"	has_topic	TOPIC_22
"4abe757f-e291-4509-adcb-6bac80846184"	has_topic	TOPIC_15
"4abe757f-e291-4509-adcb-6bac80846184"	has_topic	TOPIC_3
"4abe757f-e291-4509-adcb-6bac80846184"	has_topic	TOPIC_7
"4ac0d281-57f3-4c22-be39-6dd6be360a5b"	has_topic	TOPIC_6
"4ac0d281-57f3-4c22-be39-6dd6be360a5b"	has_topic	TOPIC_14
"4ac0d281-57f3-4c22-be39-6dd6be360a5b"	has_topic	TOPIC_1
"4ac0d281-57f3-4c22-be39-6dd6be360a5b"	has_topic	TOPIC_2
"4ac0d281-57f3-4c22-be39-6dd6be360a5b"	has_topic	TOPIC_3
"4ac41ffa-6888-4ab8-9229-06f537601fba"	has_topic	TOPIC_6
"4ac41ffa-6888-4ab8-9229-06f537601fba"	has_topic	TOPIC_10
"4ac41ffa-6888-4ab8-9229-06f537601fba"	has_topic	TOPIC_14
"4ac41ffa-6888-4ab8-9229-06f537601fba"	has_topic	TOPIC_12
"4ac41ffa-6888-4ab8-9229-06f537601fba"	has_topic	TOPIC_8
"4ab62bc1-f71d-4eb3-b468-d5e85025ceb2"	has_topic	TOPIC_4
"4ab62bc1-f71d-4eb3-b468-d5e85025ceb2"	has_topic	TOPIC_5
"4ab62bc1-f71d-4eb3-b468-d5e85025ceb2"	has_topic	TOPIC_6
"4ab62bc1-f71d-4eb3-b468-d5e85025ceb2"	has_topic	TOPIC_18
"4ab62bc1-f71d-4eb3-b468-d5e85025ceb2"	has_topic	TOPIC_11
"4abc80ef-a0a2-4d96-acc9-822533707b0e"	has_topic	TOPIC_10
"4abc80ef-a0a2-4d96-acc9-822533707b0e"	has_topic	TOPIC_20
"4abc80ef-a0a2-4d96-acc9-822533707b0e"	has_topic	TOPIC_14
"4abc80ef-a0a2-4d96-acc9-822533707b0e"	has_topic	TOPIC_1
"4abc80ef-a0a2-4d96-acc9-822533707b0e"	has_topic	TOPIC_24
"4abf4635-d555-4ec0-a630-5c2a4aa874de"	has_topic	TOPIC_6
"4abf4635-d555-4ec0-a630-5c2a4aa874de"	has_topic	TOPIC_22
"4abf4635-d555-4ec0-a630-5c2a4aa874de"	has_topic	TOPIC_12
"4abf4635-d555-4ec0-a630-5c2a4aa874de"	has_topic	TOPIC_2
"4abf4635-d555-4ec0-a630-5c2a4aa874de"	has_topic	TOPIC_11
"4abf9229-06cf-4fa8-ae22-8deb4e5d6fc3"	has_topic	TOPIC_6
"4abf9229-06cf-4fa8-ae22-8deb4e5d6fc3"	has_topic	TOPIC_25
"4abf9229-06cf-4fa8-ae22-8deb4e5d6fc3"	has_topic	TOPIC_3
"4abf9229-06cf-4fa8-ae22-8deb4e5d6fc3"	has_topic	TOPIC_8
"4abf9229-06cf-4fa8-ae22-8deb4e5d6fc3"	has_topic	TOPIC_19
"4ac0621a-7d26-49a1-a0fc-cd2357d36aa2"	has_topic	TOPIC_6
"4ac0621a-7d26-49a1-a0fc-cd2357d36aa2"	has_topic	TOPIC_16
"4ac0621a-7d26-49a1-a0fc-cd2357d36aa2"	has_topic	TOPIC_20
"4ac0621a-7d26-49a1-a0fc-cd2357d36aa2"	has_topic	TOPIC_12
"4ac0621a-7d26-49a1-a0fc-cd2357d36aa2"	has_topic	TOPIC_18
"4ac5d56a-9e9a-4457-a17a-f013c95994d7"	has_topic	TOPIC_17
"4ac5d56a-9e9a-4457-a17a-f013c95994d7"	has_topic	TOPIC_22
"4ac5d56a-9e9a-4457-a17a-f013c95994d7"	has_topic	TOPIC_2
"4ac5d56a-9e9a-4457-a17a-f013c95994d7"	has_topic	TOPIC_24
"4abd5d1a-a805-4059-9134-4359d758494b"	has_topic	TOPIC_13
"4abd5d1a-a805-4059-9134-4359d758494b"	has_topic	TOPIC_10
"4abd5d1a-a805-4059-9134-4359d758494b"	has_topic	TOPIC_22
"4abd5d1a-a805-4059-9134-4359d758494b"	has_topic	TOPIC_25
"4abd5d1a-a805-4059-9134-4359d758494b"	has_topic	TOPIC_21
"4ac48284-6cd9-407f-aeb7-983de9c1988c"	has_topic	TOPIC_5
"4ac48284-6cd9-407f-aeb7-983de9c1988c"	has_topic	TOPIC_6
"4ac48284-6cd9-407f-aeb7-983de9c1988c"	has_topic	TOPIC_17
"4ac48284-6cd9-407f-aeb7-983de9c1988c"	has_topic	TOPIC_1
"4ac48284-6cd9-407f-aeb7-983de9c1988c"	has_topic	TOPIC_21
"4ab5db5e-7a0c-4c67-a3c5-b9e5c73f54b2"	has_topic	TOPIC_4
"4ab5db5e-7a0c-4c67-a3c5-b9e5c73f54b2"	has_topic	TOPIC_6
"4ab5db5e-7a0c-4c67-a3c5-b9e5c73f54b2"	has_topic	TOPIC_2
"4ab5db5e-7a0c-4c67-a3c5-b9e5c73f54b2"	has_topic	TOPIC_0
"4ab5db5e-7a0c-4c67-a3c5-b9e5c73f54b2"	has_topic	TOPIC_7
"4ab7e73d-2b57-4437-a954-5177e595c050"	has_topic	TOPIC_4
"4ab7e73d-2b57-4437-a954-5177e595c050"	has_topic	TOPIC_25
"4ab7e73d-2b57-4437-a954-5177e595c050"	has_topic	TOPIC_12
"4ab7e73d-2b57-4437-a954-5177e595c050"	has_topic	TOPIC_9
"4ab7e73d-2b57-4437-a954-5177e595c050"	has_topic	TOPIC_3
"4aba2969-f6fa-49d6-9ec2-5ad6b5293432"	has_topic	TOPIC_6
"4aba2969-f6fa-49d6-9ec2-5ad6b5293432"	has_topic	TOPIC_19
"4aba2969-f6fa-49d6-9ec2-5ad6b5293432"	has_topic	TOPIC_0
"4abb4018-46f7-4e6f-95e5-11a1e8ac1a1f"	has_topic	TOPIC_13
"4abb4018-46f7-4e6f-95e5-11a1e8ac1a1f"	has_topic	TOPIC_6
"4abb4018-46f7-4e6f-95e5-11a1e8ac1a1f"	has_topic	TOPIC_1
"4abb4018-46f7-4e6f-95e5-11a1e8ac1a1f"	has_topic	TOPIC_12
"4abb4018-46f7-4e6f-95e5-11a1e8ac1a1f"	has_topic	TOPIC_2
"4abbff15-099d-4f55-b404-a99f4400984d"	has_topic	TOPIC_4
"4abbff15-099d-4f55-b404-a99f4400984d"	has_topic	TOPIC_5
"4abbff15-099d-4f55-b404-a99f4400984d"	has_topic	TOPIC_20
"4abbff15-099d-4f55-b404-a99f4400984d"	has_topic	TOPIC_21
"4abe4032-054f-4d27-95e5-a3c8fd46f069"	has_topic	TOPIC_4
"4abe4032-054f-4d27-95e5-a3c8fd46f069"	has_topic	TOPIC_10
"4abe4032-054f-4d27-95e5-a3c8fd46f069"	has_topic	TOPIC_17
"4abe4032-054f-4d27-95e5-a3c8fd46f069"	has_topic	TOPIC_25
"4abe4032-054f-4d27-95e5-a3c8fd46f069"	has_topic	TOPIC_21
"4ac0b518-6ba8-4862-95a1-ca46941408f7"	has_topic	TOPIC_4
"4ac0b518-6ba8-4862-95a1-ca46941408f7"	has_topic	TOPIC_22
"4ac0b518-6ba8-4862-95a1-ca46941408f7"	has_topic	TOPIC_12
"4ac0b518-6ba8-4862-95a1-ca46941408f7"	has_topic	TOPIC_15
"4ac0b518-6ba8-4862-95a1-ca46941408f7"	has_topic	TOPIC_8
"4ac18781-0e4d-4f3a-8718-de30a06c6656"	has_topic	TOPIC_5
"4ac18781-0e4d-4f3a-8718-de30a06c6656"	has_topic	TOPIC_21
"4ac18781-0e4d-4f3a-8718-de30a06c6656"	has_topic	TOPIC_24
"4ac18781-0e4d-4f3a-8718-de30a06c6656"	has_topic	TOPIC_0
"4ab3735c-80f1-472d-b953-fa0557fed28b"	has_topic	TOPIC_17
"4ab3735c-80f1-472d-b953-fa0557fed28b"	has_topic	TOPIC_20
"4ab3735c-80f1-472d-b953-fa0557fed28b"	has_topic	TOPIC_15
"4ab3735c-80f1-472d-b953-fa0557fed28b"	has_topic	TOPIC_11
"4ab3735c-80f1-472d-b953-fa0557fed28b"	has_topic	TOPIC_7
"4ab8a1e7-2442-4b68-a003-e559753f0be8"	has_topic	TOPIC_13
"4ab8a1e7-2442-4b68-a003-e559753f0be8"	has_topic	TOPIC_10
"4ab8a1e7-2442-4b68-a003-e559753f0be8"	has_topic	TOPIC_17
"4ab8a1e7-2442-4b68-a003-e559753f0be8"	has_topic	TOPIC_12
"4ab8a1e7-2442-4b68-a003-e559753f0be8"	has_topic	TOPIC_21
"4abcb13b-04f9-468a-9eb9-d75dd46fd4bd"	has_topic	TOPIC_5
"4abcb13b-04f9-468a-9eb9-d75dd46fd4bd"	has_topic	TOPIC_6
"4abcb13b-04f9-468a-9eb9-d75dd46fd4bd"	has_topic	TOPIC_14
"4abcb13b-04f9-468a-9eb9-d75dd46fd4bd"	has_topic	TOPIC_23
"4abcb13b-04f9-468a-9eb9-d75dd46fd4bd"	has_topic	TOPIC_3
"4ac48f7b-a071-4fb2-a579-782d5eca9146"	has_topic	TOPIC_13
"4ac48f7b-a071-4fb2-a579-782d5eca9146"	has_topic	TOPIC_1
"4ac48f7b-a071-4fb2-a579-782d5eca9146"	has_topic	TOPIC_3
"4ac48f7b-a071-4fb2-a579-782d5eca9146"	has_topic	TOPIC_8
"4ac48f7b-a071-4fb2-a579-782d5eca9146"	has_topic	TOPIC_11
"4ab80354-5db3-4d6c-b71a-b632ad55afcc"	has_topic	TOPIC_13
"4ab80354-5db3-4d6c-b71a-b632ad55afcc"	has_topic	TOPIC_4
"4ab80354-5db3-4d6c-b71a-b632ad55afcc"	has_topic	TOPIC_14
"4ab80354-5db3-4d6c-b71a-b632ad55afcc"	has_topic	TOPIC_15
"4abf1d90-6f09-4762-8380-48efb439bc51"	has_topic	TOPIC_5
"4abf1d90-6f09-4762-8380-48efb439bc51"	has_topic	TOPIC_18
"4abf1d90-6f09-4762-8380-48efb439bc51"	has_topic	TOPIC_21
"4abf1d90-6f09-4762-8380-48efb439bc51"	has_topic	TOPIC_24
"4abf1d90-6f09-4762-8380-48efb439bc51"	has_topic	TOPIC_8
"4abd6dd8-7d41-4d3c-9074-37416b27e9b6"	has_topic	TOPIC_1
"4abd6dd8-7d41-4d3c-9074-37416b27e9b6"	has_topic	TOPIC_9
"4abd6dd8-7d41-4d3c-9074-37416b27e9b6"	has_topic	TOPIC_23
"4abd6dd8-7d41-4d3c-9074-37416b27e9b6"	has_topic	TOPIC_3
"4abd6dd8-7d41-4d3c-9074-37416b27e9b6"	has_topic	TOPIC_21
"4ac5ca98-ffc6-47b4-bf4c-1309612d689e"	has_topic	TOPIC_10
"4ac5ca98-ffc6-47b4-bf4c-1309612d689e"	has_topic	TOPIC_22
"4ac5ca98-ffc6-47b4-bf4c-1309612d689e"	has_topic	TOPIC_1
"4ac5ca98-ffc6-47b4-bf4c-1309612d689e"	has_topic	TOPIC_18
"4ac5ca98-ffc6-47b4-bf4c-1309612d689e"	has_topic	TOPIC_0
"4ab572c2-c224-4d2e-832b-8bd440ed4da1"	has_topic	TOPIC_10
"4ab572c2-c224-4d2e-832b-8bd440ed4da1"	has_topic	TOPIC_22
"4ab572c2-c224-4d2e-832b-8bd440ed4da1"	has_topic	TOPIC_23
"4ab572c2-c224-4d2e-832b-8bd440ed4da1"	has_topic	TOPIC_11
"4ac534bf-c8dd-4a04-953b-cb409df9c7cb"	has_topic	TOPIC_5
"4ac534bf-c8dd-4a04-953b-cb409df9c7cb"	has_topic	TOPIC_14
"4ac534bf-c8dd-4a04-953b-cb409df9c7cb"	has_topic	TOPIC_3
"4ac534bf-c8dd-4a04-953b-cb409df9c7cb"	has_topic	TOPIC_8
"4ac534bf-c8dd-4a04-953b-cb409df9c7cb"	has_topic	TOPIC_19
"4ab71416-71cf-4a0a-8da2-85a2b33d9852"	has_topic	TOPIC_16
"4ab71416-71cf-4a0a-8da2-85a2b33d9852"	has_topic	TOPIC_12
"4ab71416-71cf-4a0a-8da2-85a2b33d9852"	has_topic	TOPIC_9
"4ab71416-71cf-4a0a-8da2-85a2b33d9852"	has_topic	TOPIC_8
"4ab71416-71cf-4a0a-8da2-85a2b33d9852"	has_topic	TOPIC_0
"4ab74996-f2a5-4307-9cc4-4865771ac689"	has_topic	TOPIC_5
"4ab74996-f2a5-4307-9cc4-4865771ac689"	has_topic	TOPIC_1
"4ab74996-f2a5-4307-9cc4-4865771ac689"	has_topic	TOPIC_15
"4ab74996-f2a5-4307-9cc4-4865771ac689"	has_topic	TOPIC_21
"4ab74996-f2a5-4307-9cc4-4865771ac689"	has_topic	TOPIC_0
"4ac4bcfb-398e-44cd-9e84-5b1fc3b0aadb"	has_topic	TOPIC_13
"4ac4bcfb-398e-44cd-9e84-5b1fc3b0aadb"	has_topic	TOPIC_4
"4ac4bcfb-398e-44cd-9e84-5b1fc3b0aadb"	has_topic	TOPIC_1
"4ac4bcfb-398e-44cd-9e84-5b1fc3b0aadb"	has_topic	TOPIC_15
"4ac4bcfb-398e-44cd-9e84-5b1fc3b0aadb"	has_topic	TOPIC_21
"4abf6505-2e6d-46a9-945d-8b51feabcd7c"	has_topic	TOPIC_13
"4abf6505-2e6d-46a9-945d-8b51feabcd7c"	has_topic	TOPIC_4
"4abf6505-2e6d-46a9-945d-8b51feabcd7c"	has_topic	TOPIC_14
"4abf6505-2e6d-46a9-945d-8b51feabcd7c"	has_topic	TOPIC_24
"4ac1818f-5428-4285-a886-b0bf98c485bf"	has_topic	TOPIC_17
"4ac1818f-5428-4285-a886-b0bf98c485bf"	has_topic	TOPIC_22
"4ac1818f-5428-4285-a886-b0bf98c485bf"	has_topic	TOPIC_14
"4ac1818f-5428-4285-a886-b0bf98c485bf"	has_topic	TOPIC_1
"4ac2866d-13ce-46fb-b74e-89873bdd01f7"	has_topic	TOPIC_13
"4ac2866d-13ce-46fb-b74e-89873bdd01f7"	has_topic	TOPIC_18
"4ac2866d-13ce-46fb-b74e-89873bdd01f7"	has_topic	TOPIC_19
"4ac2866d-13ce-46fb-b74e-89873bdd01f7"	has_topic	TOPIC_0
"4abb677d-7d46-4716-85dd-679d5434fffa"	has_topic	TOPIC_4
"4abb677d-7d46-4716-85dd-679d5434fffa"	has_topic	TOPIC_6
"4abb677d-7d46-4716-85dd-679d5434fffa"	has_topic	TOPIC_10
"4abb677d-7d46-4716-85dd-679d5434fffa"	has_topic	TOPIC_14
"4abb677d-7d46-4716-85dd-679d5434fffa"	has_topic	TOPIC_1
"4ac127ea-5133-4709-b535-84966c2125f7"	has_topic	TOPIC_22
"4ac127ea-5133-4709-b535-84966c2125f7"	has_topic	TOPIC_21
"4ac127ea-5133-4709-b535-84966c2125f7"	has_topic	TOPIC_11
"4ac127ea-5133-4709-b535-84966c2125f7"	has_topic	TOPIC_19
"4ac5a4f9-f07b-4b3d-87ae-757a2f43842e"	has_topic	TOPIC_5
"4ac5a4f9-f07b-4b3d-87ae-757a2f43842e"	has_topic	TOPIC_6
"4ac5a4f9-f07b-4b3d-87ae-757a2f43842e"	has_topic	TOPIC_16
"4ac5a4f9-f07b-4b3d-87ae-757a2f43842e"	has_topic	TOPIC_21
"4ab99177-60ac-45b4-9050-b4a9d1f8cbff"	has_topic	TOPIC_10
"4ab99177-60ac-45b4-9050-b4a9d1f8cbff"	has_topic	TOPIC_22
"4ab99177-60ac-45b4-9050-b4a9d1f8cbff"	has_topic	TOPIC_14
"4ab99177-60ac-45b4-9050-b4a9d1f8cbff"	has_topic	TOPIC_0
"4ab99177-60ac-45b4-9050-b4a9d1f8cbff"	has_topic	TOPIC_7
"4aba3206-6232-4aa9-9e89-d178da94e865"	has_topic	TOPIC_16
"4aba3206-6232-4aa9-9e89-d178da94e865"	has_topic	TOPIC_9
"4aba3206-6232-4aa9-9e89-d178da94e865"	has_topic	TOPIC_23
"4aba3206-6232-4aa9-9e89-d178da94e865"	has_topic	TOPIC_19
"4aba021a-7336-434d-be5b-d1790812b40a"	has_topic	TOPIC_10
"4aba021a-7336-434d-be5b-d1790812b40a"	has_topic	TOPIC_17
"4aba021a-7336-434d-be5b-d1790812b40a"	has_topic	TOPIC_25
"4aba021a-7336-434d-be5b-d1790812b40a"	has_topic	TOPIC_15
"4aba021a-7336-434d-be5b-d1790812b40a"	has_topic	TOPIC_24
"4ab9b413-e370-4bde-87e4-046e10458f0b"	has_topic	TOPIC_12
"4ab9b413-e370-4bde-87e4-046e10458f0b"	has_topic	TOPIC_11
"4ab9b413-e370-4bde-87e4-046e10458f0b"	has_topic	TOPIC_19
"4ab60d22-67d1-4683-8648-f1f2601d2ce0"	presented_in_proceedings	PROCEEDING_12
"4ab503e2-d7b4-441e-8e0e-edf1b9bfb602"	presented_in_proceedings	PROCEEDING_8
"4ab6458f-9780-49ec-a42e-a535d4efd292"	presented_in_proceedings	PROCEEDING_10
"4ab697d8-5404-412a-85da-e6367b7d82bf"	presented_in_proceedings	PROCEEDING_14
"4ab69e2a-f00d-4f2b-843b-349918b7aceb"	presented_in_proceedings	PROCEEDING_15
"4ab7aa6a-306b-4590-9b15-c01727bd08af"	presented_in_proceedings	PROCEEDING_6
"4ab7b6e2-1cff-472a-9637-95c7938be3e1"	presented_in_proceedings	PROCEEDING_3
"4ab82bb2-7785-4832-b3eb-a38471b58d07"	presented_in_proceedings	PROCEEDING_8
"4ab8514e-08e7-4f71-bd0f-1060a98d9cd5"	presented_in_proceedings	PROCEEDING_13
"4ab91a94-3bc6-4604-ae86-a69926e8b43f"	presented_in_proceedings	PROCEEDING_3
"4ab93ae9-278c-468d-8077-371bfedb576a"	presented_in_proceedings	PROCEEDING_1
"4ab9889c-753e-4de9-9fbf-865ed786c1f4"	presented_in_proceedings	PROCEEDING_11
"4ab99f3e-28a9-43ec-adff-ca2427011cb9"	presented_in_proceedings	PROCEEDING_19
"4ab9ed42-31bf-4258-8b23-3ac74ca976c9"	presented_in_proceedings	PROCEEDING_6
"4aba14e1-ed8b-4c0d-a1f5-2d29a9ca2670"	presented_in_proceedings	PROCEEDING_4
"4abad3f6-6dfa-4ea9-a08f-04bcced86c99"	presented_in_proceedings	PROCEEDING_15
"4abaeac7-3f23-4982-bab3-e1fdebfe46e9"	presented_in_proceedings	PROCEEDING_18
"4abddb85-1a82-42ac-9458-b5ba17538514"	presented_in_proceedings	PROCEEDING_12
"4abe3d2b-433d-4f49-8c6d-87755a437154"	presented_in_proceedings	PROCEEDING_18
"4abee70e-c1b2-4bf6-802b-d0d36d45f9c5"	presented_in_proceedings	PROCEEDING_15
"4abf96cd-1444-4c76-a963-5b9333bdc4a3"	presented_in_proceedings	PROCEEDING_6
"4ac085c8-8441-4f86-a027-0bfdf0a9ad08"	presented_in_proceedings	PROCEEDING_19
"4ac09fb4-c464-4a26-99d8-4b39ba3fe159"	presented_in_proceedings	PROCEEDING_9
"4ac0de14-9694-4a0a-a0fd-1dcabf154bc3"	presented_in_proceedings	PROCEEDING_16
"4ac372d6-a726-4d9c-9b56-92f9082add3a"	presented_in_proceedings	PROCEEDING_11
"4ac47834-0571-4e9d-b87c-26d4af7cff87"	presented_in_proceedings	PROCEEDING_18
"4ac4dd52-6162-40a5-9efc-238ca928fe93"	presented_in_proceedings	PROCEEDING_13
"4ac544ae-6e06-4f9f-a513-d2bb82255b78"	presented_in_proceedings	PROCEEDING_7
"4ac5eee4-f4a0-4c48-9aeb-28418855bad2"	presented_in_proceedings	PROCEEDING_16
"4ac65f8f-5fdb-4d84-9101-546e0aa0f974"	presented_in_proceedings	PROCEEDING_5
"4ab54610-4947-46c7-bd56-fc672dfba5cc"	presented_in_proceedings	PROCEEDING_10
"4ab3e768-78c9-4497-8b8e-9e934cb5f2e4"	presented_in_proceedings	PROCEEDING_3
"4ab4e2a8-18c5-47a0-a295-a63dc68a49ab"	presented_in_proceedings	PROCEEDING_7
"4ab62e1f-0ed3-42fc-bfd4-64d255150506"	presented_in_proceedings	PROCEEDING_4
"4abbc302-36da-4fcb-922b-eddd1b25d6db"	presented_in_proceedings	PROCEEDING_16
"4abc9591-ed35-4e56-a841-e020c73b78c8"	presented_in_proceedings	PROCEEDING_18
"4abd7633-e75a-43c8-b8af-5e6ba474bef6"	presented_in_proceedings	PROCEEDING_14
"4abea27d-0ba4-41b0-9a2a-79a7a47623c3"	presented_in_proceedings	PROCEEDING_13
"4abeb5f5-9df5-4b2b-bcbf-8a7b944e544f"	presented_in_proceedings	PROCEEDING_13
"4abf1079-fae2-4b16-bdf3-fbe636c2ace0"	presented_in_proceedings	PROCEEDING_9
"4abf722a-00a1-47b3-83c4-a731461feaf4"	presented_in_proceedings	PROCEEDING_15
"4abff35b-3905-428b-85e5-92fe56db97ba"	presented_in_proceedings	PROCEEDING_16
"4ac0256c-0d61-4489-a442-ebfc54c0aa25"	presented_in_proceedings	PROCEEDING_13
"4ac1ac19-8327-49f1-9997-93583128cf76"	presented_in_proceedings	PROCEEDING_8
"4ac22d83-e6a1-4742-bb2e-1719d84728ef"	presented_in_proceedings	PROCEEDING_17
"4ac25ad6-8620-48d3-a39e-edfceb3ba752"	presented_in_proceedings	PROCEEDING_6
"4ac282fd-8343-489d-a7ee-777a697483c7"	presented_in_proceedings	PROCEEDING_6
"4ac28729-b073-4da7-b49c-79fcde2b9bb4"	presented_in_proceedings	PROCEEDING_9
"4ac4c8b1-1fb5-4fe1-b7d6-f31f9a4f9018"	presented_in_proceedings	PROCEEDING_20
"4ac51b4a-4af7-4c6d-a9fd-eb216a9941ed"	presented_in_proceedings	PROCEEDING_17
"4ac60466-4b73-419e-b55e-696302f0152d"	presented_in_proceedings	PROCEEDING_11
"4ac6374a-cc96-4bd5-b82b-cef9ac0d57bb"	presented_in_proceedings	PROCEEDING_15
"4ab3f7cd-140b-4e29-99d4-f4e8006c4f65"	presented_in_proceedings	PROCEEDING_4
"4ab4244d-fb3e-49a3-b125-367df3d8e6ba"	presented_in_proceedings	PROCEEDING_5
"4ab50fd5-e0e8-44aa-acf1-a7a131293e7c"	presented_in_proceedings	PROCEEDING_9
"4ab57ebc-8bdf-4f3b-91c8-c20756fce04a"	presented_in_proceedings	PROCEEDING_11
"4ab63381-d9bd-4be4-aa89-bb5cab20295e"	presented_in_proceedings	PROCEEDING_13
"4ab668fa-93a0-4a1e-8078-86af8adc56f0"	presented_in_proceedings	PROCEEDING_6
"4ab7247f-7956-47b4-b0e0-67a60907c248"	presented_in_proceedings	PROCEEDING_13
"4ab8a8cb-1889-4e4b-8be9-29b7335e11d4"	presented_in_proceedings	PROCEEDING_2
"4ab90243-f09f-4a20-bfe8-37e199ff6c95"	presented_in_proceedings	PROCEEDING_2
"4ab9608a-d7ea-43a4-a764-0293b9f179ea"	presented_in_proceedings	PROCEEDING_14
"4ab9752c-f765-4af8-bc70-77a00a8789f9"	presented_in_proceedings	PROCEEDING_9
"4aba9c78-4600-46f0-9dab-50eb5be30fae"	presented_in_proceedings	PROCEEDING_16
"4abf8c93-9f6a-4eee-bad1-ce82ccdc69e3"	presented_in_proceedings	PROCEEDING_5
"4ac014eb-40a0-43f0-80c7-d60828b374ab"	presented_in_proceedings	PROCEEDING_13
"4ac1a39a-553a-489a-9479-301391d63cb8"	presented_in_proceedings	PROCEEDING_5
"4ac29cff-96ad-4302-85df-e58452b591e5"	presented_in_proceedings	PROCEEDING_8
"4ac2d63f-8e2a-4eab-988a-7cf51203a8dd"	presented_in_proceedings	PROCEEDING_20
"4ac2d851-fe02-45de-b097-4329b7e9eca0"	presented_in_proceedings	PROCEEDING_15
"4ac3f993-0e08-4a64-85f2-2d16a105c81f"	presented_in_proceedings	PROCEEDING_7
"4ac4bf11-1101-4ee4-9245-c0ae6ac8bde1"	presented_in_proceedings	PROCEEDING_10
"4ac607a0-0cd1-47f1-9a7e-ddb978d12d63"	presented_in_proceedings	PROCEEDING_4
"4ac6a18b-ff51-4a80-9e36-c79050129ec6"	presented_in_proceedings	PROCEEDING_5
"4ab68953-1a52-47d6-992c-37250ad11e8b"	presented_in_proceedings	PROCEEDING_9
"4ab689ab-506e-457c-b0b2-192829c34035"	presented_in_proceedings	PROCEEDING_4
"4ab71fdd-c0cc-498e-8deb-84cbdb2b2448"	presented_in_proceedings	PROCEEDING_7
"4ab82679-435a-4c16-a12e-26a9e153172c"	presented_in_proceedings	PROCEEDING_9
"4ab82e6e-94e0-47b7-b20c-1eb70aabd346"	presented_in_proceedings	PROCEEDING_18
"4aba00f3-0b12-4c9d-83c0-4442b25ca4e6"	presented_in_proceedings	PROCEEDING_6
"4abb64d8-90b0-4e93-976f-c564b762a462"	presented_in_proceedings	PROCEEDING_5
"4abddc96-3f8c-4f2b-a83b-4c1a6fa1e3d5"	presented_in_proceedings	PROCEEDING_11
"4abec1f7-b21f-4a54-9ef6-cfbdc8c63a59"	presented_in_proceedings	PROCEEDING_4
"4abef7ce-25c6-48ad-874d-b802070622af"	presented_in_proceedings	PROCEEDING_15
"4abf55a2-39b7-4050-8b96-644362bb6674"	presented_in_proceedings	PROCEEDING_16
"4ac2875e-9c2f-48b8-993a-1c4542ba2fd7"	presented_in_proceedings	PROCEEDING_13
"4ac3391f-1058-4e0b-b116-16e26454eb92"	presented_in_proceedings	PROCEEDING_12
"4ac6032b-fb2f-4622-a098-f6cb1b1b96f7"	presented_in_proceedings	PROCEEDING_11
"4ab46288-3a29-471f-95c9-9926df1f93ce"	presented_in_proceedings	PROCEEDING_6
"4ab77078-727b-4bba-be14-114927f14f34"	presented_in_proceedings	PROCEEDING_2
"4ab924c6-2ae5-4456-a7a6-a7349187a7d4"	presented_in_proceedings	PROCEEDING_16
"4ab9e71c-953e-41e5-b062-e76f560e521f"	presented_in_proceedings	PROCEEDING_16
"4abc79b3-b9ff-47bd-996e-f01d0636f5bb"	presented_in_proceedings	PROCEEDING_5
"4abeda0e-b107-4209-82f2-e2da14a4c538"	presented_in_proceedings	PROCEEDING_15
"4ac004e8-05ee-4542-a89c-6978f6ac4090"	presented_in_proceedings	PROCEEDING_17
"4ac3b579-e266-462a-a68a-029184879e16"	presented_in_proceedings	PROCEEDING_7
"4ac44673-aee8-4587-bf24-bb3d26bde078"	presented_in_proceedings	PROCEEDING_12
"4ac4930f-2fd5-4534-b63d-dffbd7b9839f"	presented_in_proceedings	PROCEEDING_13
"4abc20be-8331-441a-adee-e978ab0b0cd8"	presented_in_proceedings	PROCEEDING_2
"4ab6c0ff-2d1a-4cb0-acdc-8ca7517cb14a"	presented_in_proceedings	PROCEEDING_7
"4abcd3ed-a1f3-42e1-9b83-57d6706ba794"	presented_in_proceedings	PROCEEDING_2
"4abd9035-7495-4b96-a5d6-25aa66a8a240"	presented_in_proceedings	PROCEEDING_14
"4abe3ad9-7d7f-4899-9aca-0325600eb7ec"	presented_in_proceedings	PROCEEDING_18
"4abe8dc6-b11f-4378-92d7-d301663832c9"	presented_in_proceedings	PROCEEDING_14
"4ac248c4-5416-4e8c-af90-8d43a1d488de"	presented_in_proceedings	PROCEEDING_1
"4ac577e2-7d94-423e-acfb-915fcf1e4e3b"	presented_in_proceedings	PROCEEDING_12
"4ac60b7a-9fd3-4cde-bcc6-d1e028e4b1c2"	presented_in_proceedings	PROCEEDING_10
"4ab6b310-943b-47d0-8fb9-3563bd87cce8"	presented_in_proceedings	PROCEEDING_8
"4abc7e85-f58b-4c67-bec5-5bfd2a553b18"	presented_in_proceedings	PROCEEDING_15
"4abeecb8-6904-4314-bb64-9980d8bf893c"	presented_in_proceedings	PROCEEDING_19
"4ac0ca79-994e-4766-9a90-d693745f570c"	presented_in_proceedings	PROCEEDING_10
"4ac48942-0e23-4042-9b5e-e7f30d592d45"	presented_in_proceedings	PROCEEDING_20
"4ac5278d-ea90-4c10-a18d-4b1e6e62965d"	presented_in_proceedings	PROCEEDING_17
"4ab3b585-82b4-4207-91dd-b6bce7e27c4e"	presented_in_proceedings	PROCEEDING_2
"4ab63e25-5d11-4658-838d-199c55886b17"	presented_in_proceedings	PROCEEDING_1
"4ab717e9-32e7-4647-9e51-81b66414a761"	presented_in_proceedings	PROCEEDING_8
"4ab7b13e-bc23-4ac8-901e-40af53bd2e2d"	presented_in_proceedings	PROCEEDING_16
"4ab7fd62-8f72-4845-a1fb-77e2d9c2a733"	presented_in_proceedings	PROCEEDING_8
"4abb1623-b9d4-424d-ae02-7bea0d6108d5"	presented_in_proceedings	PROCEEDING_14
"4abe1317-d9ce-467a-b0a2-bf9207d625f6"	presented_in_proceedings	PROCEEDING_6
"4abe9ec5-650f-4761-9207-bb35bf4ffe71"	presented_in_proceedings	PROCEEDING_12
"4abfd3fd-7ffe-4af5-9af9-15aaff5c2a59"	presented_in_proceedings	PROCEEDING_16
"4ac0f566-335a-49c0-a12d-8a6f90f69a80"	presented_in_proceedings	PROCEEDING_17
"4abae2f1-f25f-4098-89c8-8e59a1212397"	presented_in_proceedings	PROCEEDING_12
"4ac165af-1b48-4f91-b00b-2f0a6a198301"	presented_in_proceedings	PROCEEDING_9
"4ac462d6-9510-4914-ad95-c54e90218f97"	presented_in_proceedings	PROCEEDING_20
"4ac4f570-4364-4f51-bfb5-f727f1b8515a"	presented_in_proceedings	PROCEEDING_19
"4ab7ed45-2bf9-43a9-b735-b02a4757c0ee"	presented_in_proceedings	PROCEEDING_17
"4aba9285-6391-42a3-9414-1adef19e35fa"	presented_in_proceedings	PROCEEDING_18
"4abc18ea-7fe3-4b76-8e6f-ced9580b6c43"	presented_in_proceedings	PROCEEDING_15
"4abce4ba-0095-41cd-9754-2fe76eb160ac"	presented_in_proceedings	PROCEEDING_4
"4abe757f-e291-4509-adcb-6bac80846184"	presented_in_proceedings	PROCEEDING_16
"4ac0d281-57f3-4c22-be39-6dd6be360a5b"	presented_in_proceedings	PROCEEDING_6
"4ab62bc1-f71d-4eb3-b468-d5e85025ceb2"	presented_in_proceedings	PROCEEDING_13
"4ac48284-6cd9-407f-aeb7-983de9c1988c"	presented_in_proceedings	PROCEEDING_6
"4ab5db5e-7a0c-4c67-a3c5-b9e5c73f54b2"	presented_in_proceedings	PROCEEDING_10
"4aba2969-f6fa-49d6-9ec2-5ad6b5293432"	presented_in_proceedings	PROCEEDING_11
"4abb4018-46f7-4e6f-95e5-11a1e8ac1a1f"	presented_in_proceedings	PROCEEDING_7
"4abbff15-099d-4f55-b404-a99f4400984d"	presented_in_proceedings	PROCEEDING_14
"4ac0b518-6ba8-4862-95a1-ca46941408f7"	presented_in_proceedings	PROCEEDING_19
"4ab3735c-80f1-472d-b953-fa0557fed28b"	presented_in_proceedings	PROCEEDING_1
"4ab8a1e7-2442-4b68-a003-e559753f0be8"	presented_in_proceedings	PROCEEDING_14
"4abcb13b-04f9-468a-9eb9-d75dd46fd4bd"	presented_in_proceedings	PROCEEDING_1
"4ac48f7b-a071-4fb2-a579-782d5eca9146"	presented_in_proceedings	PROCEEDING_1
"4ab80354-5db3-4d6c-b71a-b632ad55afcc"	presented_in_proceedings	PROCEEDING_1
"4abd6dd8-7d41-4d3c-9074-37416b27e9b6"	presented_in_proceedings	PROCEEDING_12
"4ab572c2-c224-4d2e-832b-8bd440ed4da1"	presented_in_proceedings	PROCEEDING_8
"4ac4bcfb-398e-44cd-9e84-5b1fc3b0aadb"	presented_in_proceedings	PROCEEDING_8
"4abb677d-7d46-4716-85dd-679d5434fffa"	presented_in_proceedings	PROCEEDING_20
"4ac5a4f9-f07b-4b3d-87ae-757a2f43842e"	presented_in_proceedings	PROCEEDING_7
"4ab99177-60ac-45b4-9050-b4a9d1f8cbff"	presented_in_proceedings	PROCEEDING_10
"4aba3206-6232-4aa9-9e89-d178da94e865"	presented_in_proceedings	PROCEEDING_18
"4ab9b413-e370-4bde-87e4-046e10458f0b"	presented_in_proceedings	PROCEEDING_10
